"Start Date","End Date",Currency,"Vendor Id","Vendor Name","Campaign ID","Campaign Name","Affiliate Profile Id","Affiliate Profile Username","Affiliate Profile Site Id","Affiliate Profile Site Name","Resource Id","Resource Name","Resource Type","Country of Registration","Player Id","Registered Date","First Deposit Date","First Bet Date","First CPA Date",Deposits,Stakes,Chargebacks,"Gross Revenue","Net Revenue","Total Bonus","RevShare Commission","CPA Commission","Total Commission",T1,T2,T3,S1,S2,S3,"CPA Count"
2026-05-13,2026-05-14,ZAR,1,PlayBet,1,PlayBetHomepage,171,ibetsza,172,DEFAULT,,,Unknown,ZA,6450029,2026-05-13,,2026-05-13,,0.00,9.80,0.00,-0.15,-0.10,50.00,0.00,0.00,0.00,,,,,,,0
2026-05-13,2026-05-14,ZAR,1,PlayBet,1,PlayBetHomepage,62,newworld,179,BETS,,,Unknown,ZA,6450078,2026-05-13,,2026-05-13,,0.00,8.00,0.00,-0.08,-0.05,50.00,0.00,0.00,0.00,,,,,,,0
2026-05-13,2026-05-14,ZAR,1,PlayBet,1,PlayBetHomepage,171,ibetsza,172,DEFAULT,,,Unknown,ZA,6450080,2026-05-13,,,,0.00,0.00,0.00,0.00,0.00,50.00,0.00,0.00,0.00,,,,,,,0
2026-05-13,2026-05-14,ZAR,1,PlayBet,1,PlayBetHomepage,62,newworld,179,BETS,,,Unknown,ZA,6450092,2026-05-13,,,,0.00,0.00,0.00,0.00,0.00,50.00,0.00,0.00,0.00,,,,,,,0
2026-05-13,2026-05-14,ZAR,1,PlayBet,1,PlayBetHomepage,171,ibetsza,172,DEFAULT,,,Unknown,ZA,6450139,2026-05-13,,2026-05-13,,0.00,3.70,0.00,-0.05,-0.03,50.00,0.00,0.00,0.00,,,,,,,0
2026-05-13,2026-05-14,ZAR,1,PlayBet,1,PlayBetHomepage,62,newworld,179,BETS,,,Unknown,ZA,6450141,2026-05-13,,2026-05-13,,0.00,607.56,0.00,106.45,69.19,50.00,0.00,0.00,0.00,,,,,,,0
2026-05-13,2026-05-14,ZAR,1,PlayBet,1,PlayBetHomepage,62,newworld,N/A,N/A,,,Unknown,ZA,6450160,2026-05-13,,2026-05-13,,0.00,11.70,0.00,0.00,0.00,50.00,0.00,0.00,0.00,,,,,,,0
2026-05-13,2026-05-14,ZAR,1,PlayBet,3,PlaybetSignUp,103,hotslots,N/A,N/A,,,Unknown,ZA,6450179,2026-05-13,,2026-05-13,,0.00,29.00,0.00,-2.39,-1.55,50.00,-0.59,0.00,-0.59,,,,2,,,0
2026-05-13,2026-05-14,ZAR,1,PlayBet,3,PlaybetSignUp,103,hotslots,N/A,N/A,,,Unknown,ZA,6450245,2026-05-13,,2026-05-13,,0.00,55.95,0.00,-0.13,-0.08,50.00,-0.03,0.00,-0.03,,,,3,,,0
2026-05-13,2026-05-14,ZAR,1,PlayBet,1,PlayBetHomepage,171,ibetsza,172,DEFAULT,,,Unknown,ZA,6450258,2026-05-13,,2026-05-13,,0.00,26.20,0.00,-4.61,-3.00,50.00,0.00,0.00,0.00,,,,,,,0
2026-05-13,2026-05-14,ZAR,1,PlayBet,1,PlayBetHomepage,62,newworld,179,BETS,,,Unknown,ZA,6450260,2026-05-13,,2026-05-13,,0.00,29.20,0.00,-0.20,-0.13,50.00,0.00,0.00,0.00,,,,,,,0
2026-05-13,2026-05-14,ZAR,1,PlayBet,1,PlayBetHomepage,62,newworld,N/A,N/A,,,Unknown,ZA,6450263,2026-05-13,,,,0.00,0.00,0.00,0.00,0.00,50.00,0.00,0.00,0.00,,,,,,,0
2026-05-13,2026-05-14,ZAR,1,PlayBet,3,PlaybetSignUp,110,woohoo_spinaslots,N/A,N/A,,,Unknown,ZA,6450274,2026-05-13,,2026-05-13,,0.00,20.60,0.00,-0.06,-0.04,50.00,0.00,0.00,0.00,,,,,,,0
2026-05-13,2026-05-14,ZAR,1,PlayBet,1,PlayBetHomepage,171,ibetsza,172,DEFAULT,,,Unknown,ZA,6450285,2026-05-13,,2026-05-13,,0.00,15.70,0.00,0.00,0.00,50.00,0.00,0.00,0.00,,,,,,,0
2026-05-13,2026-05-14,ZAR,1,PlayBet,1,PlayBetHomepage,62,newworld,N/A,N/A,,,Unknown,ZA,6450294,2026-05-13,,,,0.00,0.00,0.00,0.00,0.00,50.00,0.00,0.00,0.00,,,,,,,0
2026-05-13,2026-05-14,ZAR,1,PlayBet,3,PlaybetSignUp,110,woohoo_spinaslots,N/A,N/A,,,Unknown,ZA,6450297,2026-05-13,,2026-05-13,,0.00,10.50,0.00,-0.02,-0.01,50.00,0.00,0.00,0.00,,,,,,,0
2026-05-13,2026-05-14,ZAR,1,PlayBet,1,PlayBetHomepage,62,newworld,N/A,N/A,,,Unknown,ZA,6450302,2026-05-13,,2026-05-13,,0.00,2194.50,0.00,-136.35,-88.63,50.00,0.00,0.00,0.00,,,,,,,0
2026-05-13,2026-05-14,ZAR,1,PlayBet,1,PlayBetHomepage,171,ibetsza,172,DEFAULT,,,Unknown,ZA,6450304,2026-05-13,,2026-05-13,,0.00,5.80,0.00,-0.04,-0.03,50.00,0.00,0.00,0.00,,,,,,,0
2026-05-13,2026-05-14,ZAR,1,PlayBet,1,PlayBetHomepage,171,ibetsza,172,DEFAULT,,,Unknown,ZA,6450365,2026-05-13,,2026-05-13,,0.00,9.20,0.00,-0.01,-0.01,50.00,0.00,0.00,0.00,,,,,,,0
2026-05-13,2026-05-14,ZAR,1,PlayBet,1,PlayBetHomepage,171,ibetsza,172,DEFAULT,,,Unknown,ZA,6450367,2026-05-13,,2026-05-13,,0.00,7.20,0.00,-0.17,-0.11,50.00,0.00,0.00,0.00,,,,,,,0
2026-05-13,2026-05-14,ZAR,1,PlayBet,1,PlayBetHomepage,171,ibetsza,172,DEFAULT,,,Unknown,ZA,6450369,2026-05-13,,2026-05-13,,0.00,129.50,0.00,-0.07,-0.05,50.00,0.00,0.00,0.00,,,,,,,0
2026-05-13,2026-05-14,ZAR,1,PlayBet,1,PlayBetHomepage,171,ibetsza,172,DEFAULT,,,Unknown,ZA,6450372,2026-05-13,,2026-05-13,,0.00,694.65,0.00,-38.69,-25.15,50.00,0.00,0.00,0.00,,,,,,,0
2026-05-13,2026-05-14,ZAR,1,PlayBet,1,PlayBetHomepage,62,newworld,179,BETS,,,Unknown,ZA,6450380,2026-05-13,,,,0.00,0.00,0.00,0.00,0.00,50.00,0.00,0.00,0.00,,,,,,,0
2026-05-13,2026-05-14,ZAR,1,PlayBet,1,PlayBetHomepage,171,ibetsza,172,DEFAULT,,,Unknown,ZA,6450396,2026-05-13,,2026-05-13,,0.00,9.20,0.00,-0.01,-0.01,50.00,0.00,0.00,0.00,,,,,,,0
2026-05-13,2026-05-14,ZAR,1,PlayBet,3,PlaybetSignUp,110,woohoo_spinaslots,N/A,N/A,,,Unknown,ZA,6450401,2026-05-13,,,,0.00,0.00,0.00,0.00,0.00,50.00,0.00,0.00,0.00,,,,,,,0
2026-05-13,2026-05-14,ZAR,1,PlayBet,3,PlaybetSignUp,110,woohoo_spinaslots,N/A,N/A,,,Unknown,ZA,6450424,2026-05-13,,,,0.00,0.00,0.00,0.00,0.00,50.00,0.00,0.00,0.00,,,,,,,0
2026-05-13,2026-05-14,ZAR,1,PlayBet,1,PlayBetHomepage,62,newworld,179,BETS,,,Unknown,ZA,6450435,2026-05-13,,2026-05-13,,0.00,8.30,0.00,0.00,0.00,50.00,0.00,0.00,0.00,,,,,,,0
2026-05-13,2026-05-14,ZAR,1,PlayBet,3,PlaybetSignUp,103,hotslots,N/A,N/A,,,Unknown,ZA,6450445,2026-05-13,,2026-05-13,,0.00,10.70,0.00,-0.01,-0.01,50.00,0.00,0.00,0.00,,,,2,,,0
2026-05-13,2026-05-14,ZAR,1,PlayBet,1,PlayBetHomepage,171,ibetsza,172,DEFAULT,,,Unknown,ZA,6450462,2026-05-13,,,,0.00,0.00,0.00,0.00,0.00,50.00,0.00,0.00,0.00,,,,,,,0
2026-05-13,2026-05-14,ZAR,1,PlayBet,1,PlayBetHomepage,62,newworld,179,BETS,,,Unknown,ZA,6450509,2026-05-13,,2026-05-13,,0.00,29.10,0.00,-0.07,-0.05,50.00,0.00,0.00,0.00,,,,,,,0
2026-05-13,2026-05-14,ZAR,1,PlayBet,1,PlayBetHomepage,171,ibetsza,172,DEFAULT,,,Unknown,ZA,6450537,2026-05-13,,2026-05-13,,0.00,16.50,0.00,-0.07,-0.05,50.00,0.00,0.00,0.00,,,,,,,0
2026-05-13,2026-05-14,ZAR,1,PlayBet,1,PlayBetHomepage,171,ibetsza,172,DEFAULT,,,Unknown,ZA,6450551,2026-05-13,,2026-05-13,,0.00,0.20,0.00,-3.80,-2.47,50.00,0.00,0.00,0.00,,,,,,,0
2026-05-13,2026-05-14,ZAR,1,PlayBet,1,PlayBetHomepage,171,ibetsza,172,DEFAULT,,,Unknown,ZA,6450553,2026-05-13,,,,0.00,0.00,0.00,0.00,0.00,50.00,0.00,0.00,0.00,,,,,,,0
2026-05-13,2026-05-14,ZAR,1,PlayBet,1,PlayBetHomepage,62,newworld,179,BETS,,,Unknown,ZA,6450564,2026-05-13,,2026-05-13,,0.00,694.55,0.00,-0.16,-0.10,50.00,0.00,0.00,0.00,,,,,,,0
2026-05-13,2026-05-14,ZAR,1,PlayBet,1,PlayBetHomepage,62,newworld,179,BETS,,,Unknown,ZA,6450625,2026-05-13,,2026-05-13,,0.00,6.60,0.00,-0.19,-0.12,50.00,0.00,0.00,0.00,,,,,,,0
2026-05-13,2026-05-14,ZAR,1,PlayBet,1,PlayBetHomepage,171,ibetsza,172,DEFAULT,,,Unknown,ZA,6450630,2026-05-13,,2026-05-13,,0.00,255.40,0.00,-0.35,-0.23,50.00,0.00,0.00,0.00,,,,,,,0
2026-05-13,2026-05-14,ZAR,1,PlayBet,1,PlayBetHomepage,62,newworld,N/A,N/A,,,Unknown,ZA,6450652,2026-05-13,,2026-05-13,,0.00,28.50,0.00,-0.44,-0.29,50.00,0.00,0.00,0.00,,,,,,,0
2026-05-13,2026-05-14,ZAR,1,PlayBet,1,PlayBetHomepage,171,ibetsza,172,DEFAULT,,,Unknown,ZA,6450667,2026-05-13,,2026-05-13,,0.00,8.80,0.00,-0.12,-0.08,50.00,0.00,0.00,0.00,,,,,,,0
2026-05-13,2026-05-14,ZAR,1,PlayBet,1,PlayBetHomepage,171,ibetsza,172,DEFAULT,,,Unknown,ZA,6450780,2026-05-13,,2026-05-13,,0.00,16.50,0.00,-0.05,-0.03,50.00,0.00,0.00,0.00,,,,,,,0
2026-05-13,2026-05-14,ZAR,1,PlayBet,1,PlayBetHomepage,171,ibetsza,172,DEFAULT,,,Unknown,ZA,6450818,2026-05-13,,2026-05-13,,0.00,154.15,0.00,-0.09,-0.06,50.00,0.00,0.00,0.00,,,,,,,0
2026-05-13,2026-05-14,ZAR,1,PlayBet,1,PlayBetHomepage,171,ibetsza,172,DEFAULT,,,Unknown,ZA,6450820,2026-05-13,,,,0.00,0.00,0.00,0.00,0.00,50.00,0.00,0.00,0.00,,,,,,,0
2026-05-13,2026-05-14,ZAR,1,PlayBet,1,PlayBetHomepage,62,newworld,179,BETS,,,Unknown,ZA,6450844,2026-05-13,,,,0.00,0.00,0.00,0.00,0.00,50.00,0.00,0.00,0.00,,,,,,,0
2026-05-13,2026-05-14,ZAR,1,PlayBet,1,PlayBetHomepage,62,newworld,N/A,N/A,,,Unknown,ZA,6450845,2026-05-13,,2026-05-13,,0.00,30.10,0.00,-0.14,-0.09,50.00,0.00,0.00,0.00,,,,,,,0
2026-05-13,2026-05-14,ZAR,1,PlayBet,1,PlayBetHomepage,171,ibetsza,172,DEFAULT,,,Unknown,ZA,6450846,2026-05-13,,2026-05-13,,0.00,52.20,0.00,-1.10,-0.71,50.00,0.00,0.00,0.00,,,,,,,0
2026-05-13,2026-05-14,ZAR,1,PlayBet,1,PlayBetHomepage,62,newworld,179,BETS,,,Unknown,ZA,6450864,2026-05-13,,2026-05-13,,0.00,10.60,0.00,-0.07,-0.05,50.00,0.00,0.00,0.00,,,,,,,0
2026-05-13,2026-05-14,ZAR,1,PlayBet,3,PlaybetSignUp,103,hotslots,N/A,N/A,,,Unknown,ZA,6450915,2026-05-13,,2026-05-13,,0.00,100.00,0.00,-1.73,-1.12,50.00,-0.43,0.00,-0.43,,,,3,,,0
2026-05-13,2026-05-14,ZAR,1,PlayBet,1,PlayBetHomepage,171,ibetsza,172,DEFAULT,,,Unknown,ZA,6450932,2026-05-13,,2026-05-13,,0.00,139.80,0.00,-0.11,-0.07,50.00,0.00,0.00,0.00,,,,,,,0
2026-05-13,2026-05-14,ZAR,1,PlayBet,3,PlaybetSignUp,164,sprtrdr_programmatic,N/A,N/A,,,Unknown,ZA,6450968,2026-05-13,,,,0.00,0.00,0.00,0.00,0.00,50.00,0.00,0.00,0.00,,,,,,,0
2026-05-13,2026-05-14,ZAR,1,PlayBet,1,PlayBetHomepage,119,fzevgolis,N/A,N/A,,,Unknown,ZA,6451019,2026-05-13,,2026-05-13,,0.00,903.05,0.00,-0.13,-0.08,50.00,0.00,0.00,0.00,,,,,,,0
2026-05-13,2026-05-14,ZAR,1,PlayBet,3,PlaybetSignUp,103,hotslots,N/A,N/A,,,Unknown,ZA,6451036,2026-05-13,,,,0.00,0.00,0.00,0.00,0.00,50.00,0.00,0.00,0.00,,,,3,,,0
2026-05-13,2026-05-14,ZAR,1,PlayBet,1,PlayBetHomepage,171,ibetsza,172,DEFAULT,,,Unknown,ZA,6451127,2026-05-13,,,,0.00,0.00,0.00,0.00,0.00,50.00,0.00,0.00,0.00,,,,,,,0
2026-05-13,2026-05-14,ZAR,1,PlayBet,3,PlaybetSignUp,103,hotslots,N/A,N/A,,,Unknown,ZA,6451186,2026-05-13,2026-05-13,2026-05-13,,158.00,3042.25,0.00,433.08,281.50,50.00,106.97,0.00,106.97,,,,2,,,0
2026-05-13,2026-05-14,ZAR,1,PlayBet,1,PlayBetHomepage,62,newworld,N/A,N/A,,,Unknown,ZA,6451253,2026-05-13,,2026-05-13,,0.00,24.20,0.00,-0.03,-0.02,50.00,0.00,0.00,0.00,,,,,,,0
2026-05-13,2026-05-14,ZAR,1,PlayBet,3,PlaybetSignUp,103,hotslots,N/A,N/A,,,Unknown,ZA,6451263,2026-05-13,,,,0.00,0.00,0.00,0.00,0.00,50.00,0.00,0.00,0.00,,,,2,,,0
2026-05-13,2026-05-14,ZAR,1,PlayBet,1,PlayBetHomepage,171,ibetsza,172,DEFAULT,,,Unknown,ZA,6451309,2026-05-13,,,,0.00,0.00,0.00,0.00,0.00,50.00,0.00,0.00,0.00,,,,,,,0
2026-05-13,2026-05-14,ZAR,1,PlayBet,1,PlayBetHomepage,62,newworld,179,BETS,,,Unknown,ZA,6451315,2026-05-13,,2026-05-13,,0.00,2.20,0.00,0.00,0.00,50.00,0.00,0.00,0.00,,,,,,,0
2026-05-13,2026-05-14,ZAR,1,PlayBet,1,PlayBetHomepage,171,ibetsza,172,DEFAULT,,,Unknown,ZA,6451329,2026-05-13,,2026-05-13,,0.00,8.49,0.00,0.00,0.00,50.00,0.00,0.00,0.00,,,,,,,0
2026-05-13,2026-05-14,ZAR,1,PlayBet,1,PlayBetHomepage,103,hotslots,N/A,N/A,,,Unknown,ZA,6451449,2026-05-13,,2026-05-13,,0.00,8.40,0.00,-0.09,-0.06,50.00,-0.02,0.00,-0.02,,,,,,,0
2026-05-13,2026-05-14,ZAR,1,PlayBet,1,PlayBetHomepage,62,newworld,N/A,N/A,,,Unknown,ZA,6451456,2026-05-13,,2026-05-13,,0.00,23.20,0.00,-0.09,-0.06,50.00,0.00,0.00,0.00,,,,,,,0
2026-05-13,2026-05-14,ZAR,1,PlayBet,1,PlayBetHomepage,89,clickbytesolutions1,88,DEFAULT,,,Unknown,ZA,6451490,2026-05-13,,,,0.00,0.00,0.00,0.00,0.00,50.00,0.00,0.00,0.00,,,,,,,0
2026-05-13,2026-05-14,ZAR,1,PlayBet,1,PlayBetHomepage,89,clickbytesolutions1,88,DEFAULT,,,Unknown,ZA,6451606,2026-05-13,,2026-05-13,,0.00,42.53,0.00,-0.65,-0.42,50.00,0.00,0.00,0.00,,,,,,,0
2026-05-13,2026-05-14,ZAR,1,PlayBet,1,PlayBetHomepage,171,ibetsza,172,DEFAULT,,,Unknown,ZA,6451648,2026-05-13,,2026-05-13,,0.00,58.15,0.00,-0.19,-0.12,50.00,0.00,0.00,0.00,,,,,,,0
2026-05-13,2026-05-14,ZAR,1,PlayBet,1,PlayBetHomepage,171,ibetsza,172,DEFAULT,,,Unknown,ZA,6451652,2026-05-13,,2026-05-13,,0.00,54.15,0.00,-0.01,-0.01,50.00,0.00,0.00,0.00,,,,,,,0
2026-05-13,2026-05-14,ZAR,1,PlayBet,1,PlayBetHomepage,171,ibetsza,172,DEFAULT,,,Unknown,ZA,6451693,2026-05-13,,,,0.00,0.00,0.00,-3.88,-2.52,50.00,0.00,0.00,0.00,,,,,,,0
2026-05-13,2026-05-14,ZAR,1,PlayBet,3,PlaybetSignUp,110,woohoo_spinaslots,N/A,N/A,,,Unknown,ZA,6451812,2026-05-13,,2026-05-13,,0.00,302.40,0.00,-0.07,-0.05,50.00,0.00,0.00,0.00,,,,,,,0
2026-05-13,2026-05-14,ZAR,1,PlayBet,1,PlayBetHomepage,62,newworld,N/A,N/A,,,Unknown,ZA,6451815,2026-05-13,,,,0.00,0.00,0.00,0.00,0.00,50.00,0.00,0.00,0.00,,,,,,,0
2026-05-13,2026-05-14,ZAR,1,PlayBet,1,PlayBetHomepage,62,newworld,N/A,N/A,,,Unknown,ZA,6451863,2026-05-13,,,,0.00,0.00,0.00,0.00,0.00,50.00,0.00,0.00,0.00,,,,,,,0
2026-05-13,2026-05-14,ZAR,1,PlayBet,1,PlayBetHomepage,62,newworld,N/A,N/A,,,Unknown,ZA,6451879,2026-05-13,,2026-05-13,,0.00,3.00,0.00,-0.13,-0.08,50.00,0.00,0.00,0.00,,,,,,,0
2026-05-13,2026-05-14,ZAR,1,PlayBet,1,PlayBetHomepage,171,ibetsza,172,DEFAULT,,,Unknown,ZA,6451884,2026-05-13,,,,0.00,0.00,0.00,0.00,0.00,50.00,0.00,0.00,0.00,,,,,,,0
2026-05-13,2026-05-14,ZAR,1,PlayBet,1,PlayBetHomepage,171,ibetsza,172,DEFAULT,,,Unknown,ZA,6451896,2026-05-13,,2026-05-13,,0.00,10.50,0.00,-0.16,-0.10,50.00,0.00,0.00,0.00,,,,,,,0
2026-05-13,2026-05-14,ZAR,1,PlayBet,1,PlayBetHomepage,171,ibetsza,172,DEFAULT,,,Unknown,ZA,6451927,2026-05-13,,2026-05-13,,0.00,4.40,0.00,-0.16,-0.10,50.00,0.00,0.00,0.00,,,,,,,0
2026-05-13,2026-05-14,ZAR,1,PlayBet,3,PlaybetSignUp,103,hotslots,N/A,N/A,,,Unknown,ZA,6451929,2026-05-13,,2026-05-13,,0.00,9.75,0.00,-0.01,-0.01,50.00,0.00,0.00,0.00,,,,2,,,0
2026-05-13,2026-05-14,ZAR,1,PlayBet,1,PlayBetHomepage,171,ibetsza,172,DEFAULT,,,Unknown,ZA,6451954,2026-05-13,,2026-05-13,,0.00,23.80,0.00,0.00,0.00,50.00,0.00,0.00,0.00,,,,,,,0
2026-05-13,2026-05-14,ZAR,1,PlayBet,1,PlayBetHomepage,171,ibetsza,172,DEFAULT,,,Unknown,ZA,6451965,2026-05-13,,2026-05-13,,0.00,5.60,0.00,0.00,0.00,50.00,0.00,0.00,0.00,,,,,,,0
2026-05-13,2026-05-14,ZAR,1,PlayBet,1,PlayBetHomepage,171,ibetsza,172,DEFAULT,,,Unknown,ZA,6452002,2026-05-13,,,,0.00,0.00,0.00,0.00,0.00,50.00,0.00,0.00,0.00,,,,,,,0
2026-05-13,2026-05-14,ZAR,1,PlayBet,1,PlayBetHomepage,89,clickbytesolutions1,88,DEFAULT,,,Unknown,ZA,6452108,2026-05-13,,2026-05-13,,0.00,7.94,0.00,0.00,0.00,50.00,0.00,0.00,0.00,,,,,,,0
2026-05-13,2026-05-14,ZAR,1,PlayBet,1,PlayBetHomepage,40,woohoo,N/A,N/A,,,Unknown,ZA,6452109,2026-05-13,,2026-05-13,,0.00,5.00,0.00,-0.01,-0.01,50.00,0.00,0.00,0.00,,,,bw,,,0
2026-05-13,2026-05-14,ZAR,1,PlayBet,1,PlayBetHomepage,171,ibetsza,172,DEFAULT,,,Unknown,ZA,6452140,2026-05-13,,2026-05-13,,0.00,15.20,0.00,-0.13,-0.08,50.00,0.00,0.00,0.00,,,,,,,0
2026-05-13,2026-05-14,ZAR,1,PlayBet,1,PlayBetHomepage,171,ibetsza,172,DEFAULT,,,Unknown,ZA,6452151,2026-05-13,,2026-05-13,,0.00,20.40,0.00,-0.09,-0.06,50.00,0.00,0.00,0.00,,,,,,,0
2026-05-13,2026-05-14,ZAR,1,PlayBet,1,PlayBetHomepage,62,newworld,N/A,N/A,,,Unknown,ZA,6452207,2026-05-13,,,,0.00,0.00,0.00,0.00,0.00,50.00,0.00,0.00,0.00,,,,,,,0
2026-05-13,2026-05-14,ZAR,1,PlayBet,1,PlayBetHomepage,171,ibetsza,172,DEFAULT,,,Unknown,ZA,6452268,2026-05-13,,2026-05-13,,0.00,188.29,0.00,-0.01,-0.01,50.00,0.00,0.00,0.00,,,,,,,0
2026-05-13,2026-05-14,ZAR,1,PlayBet,1,PlayBetHomepage,171,ibetsza,172,DEFAULT,,,Unknown,ZA,6452315,2026-05-13,,2026-05-13,,0.00,10.80,0.00,-0.01,-0.01,50.00,0.00,0.00,0.00,,,,,,,0
2026-05-13,2026-05-14,ZAR,1,PlayBet,1,PlayBetHomepage,171,ibetsza,172,DEFAULT,,,Unknown,ZA,6452369,2026-05-13,,2026-05-13,,0.00,3.82,0.00,0.00,0.00,50.00,0.00,0.00,0.00,,,,,,,0
2026-05-13,2026-05-14,ZAR,1,PlayBet,3,PlaybetSignUp,164,sprtrdr_programmatic,N/A,N/A,,,Unknown,ZA,6452396,2026-05-13,,2026-05-13,,0.00,15.40,0.00,-0.15,-0.10,50.00,0.00,0.00,0.00,,,,,,,0
2026-05-13,2026-05-14,ZAR,1,PlayBet,1,PlayBetHomepage,171,ibetsza,172,DEFAULT,,,Unknown,ZA,6452400,2026-05-13,,2026-05-13,,0.00,20.50,0.00,-0.02,-0.01,50.00,0.00,0.00,0.00,,,,,,,0
2026-05-13,2026-05-14,ZAR,1,PlayBet,1,PlayBetHomepage,171,ibetsza,172,DEFAULT,,,Unknown,ZA,6452499,2026-05-13,,,,0.00,0.00,0.00,0.00,0.00,50.00,0.00,0.00,0.00,,,,,,,0
2026-05-13,2026-05-14,ZAR,1,PlayBet,1,PlayBetHomepage,171,ibetsza,172,DEFAULT,,,Unknown,ZA,6452586,2026-05-13,,2026-05-13,,0.00,8.00,0.00,0.00,0.00,50.00,0.00,0.00,0.00,,,,,,,0
2026-05-13,2026-05-14,ZAR,1,PlayBet,1,PlayBetHomepage,171,ibetsza,172,DEFAULT,,,Unknown,ZA,6452588,2026-05-13,,,,0.00,0.00,0.00,0.00,0.00,50.00,0.00,0.00,0.00,,,,,,,0
2026-05-13,2026-05-14,ZAR,1,PlayBet,1,PlayBetHomepage,62,newworld,179,BETS,,,Unknown,ZA,6452661,2026-05-13,,2026-05-13,,0.00,121.30,0.00,-0.38,-0.25,50.00,0.00,0.00,0.00,,,,,,,0
2026-05-13,2026-05-14,ZAR,1,PlayBet,1,PlayBetHomepage,62,newworld,179,BETS,,,Unknown,ZA,6452679,2026-05-13,,2026-05-13,,0.00,11.62,0.00,-0.07,-0.05,50.00,0.00,0.00,0.00,,,,,,,0
2026-05-13,2026-05-14,ZAR,1,PlayBet,1,PlayBetHomepage,171,ibetsza,172,DEFAULT,,,Unknown,ZA,6452700,2026-05-13,,,,0.00,0.00,0.00,0.00,0.00,50.00,0.00,0.00,0.00,,,,,,,0
2026-05-13,2026-05-14,ZAR,1,PlayBet,1,PlayBetHomepage,62,newworld,N/A,N/A,,,Unknown,ZA,6452752,2026-05-13,,,,0.00,0.00,0.00,0.00,0.00,50.00,0.00,0.00,0.00,,,,,,,0
2026-05-13,2026-05-14,ZAR,1,PlayBet,1,PlayBetHomepage,171,ibetsza,172,DEFAULT,,,Unknown,ZA,6452807,2026-05-13,,2026-05-13,,0.00,4.40,0.00,-0.47,-0.31,50.00,0.00,0.00,0.00,,,,,,,0
2026-05-13,2026-05-14,ZAR,1,PlayBet,1,PlayBetHomepage,62,newworld,179,BETS,,,Unknown,ZA,6452874,2026-05-13,,2026-05-13,,0.00,20.80,0.00,-0.05,-0.03,50.00,0.00,0.00,0.00,,,,,,,0
2026-05-13,2026-05-14,ZAR,1,PlayBet,1,PlayBetHomepage,62,newworld,N/A,N/A,,,Unknown,ZA,6452887,2026-05-13,,2026-05-13,,0.00,43.30,0.00,0.00,0.00,50.00,0.00,0.00,0.00,,,,,,,0
2026-05-13,2026-05-14,ZAR,1,PlayBet,1,PlayBetHomepage,62,newworld,N/A,N/A,,,Unknown,ZA,6452976,2026-05-13,,,,0.00,0.00,0.00,0.00,0.00,50.00,0.00,0.00,0.00,,,,,,,0
2026-05-13,2026-05-14,ZAR,1,PlayBet,1,PlayBetHomepage,171,ibetsza,172,DEFAULT,,,Unknown,ZA,6452980,2026-05-13,,2026-05-13,,0.00,17.80,0.00,-0.06,-0.04,50.00,0.00,0.00,0.00,,,,,,,0
2026-05-13,2026-05-14,ZAR,1,PlayBet,1,PlayBetHomepage,171,ibetsza,172,DEFAULT,,,Unknown,ZA,6453048,2026-05-13,,2026-05-13,,0.00,36.30,0.00,-0.13,-0.08,50.00,0.00,0.00,0.00,,,,,,,0
2026-05-13,2026-05-14,ZAR,1,PlayBet,1,PlayBetHomepage,171,ibetsza,172,DEFAULT,,,Unknown,ZA,6453058,2026-05-13,,2026-05-13,,0.00,106.15,0.00,-0.05,-0.03,50.00,0.00,0.00,0.00,,,,,,,0
2026-05-13,2026-05-14,ZAR,1,PlayBet,3,PlaybetSignUp,103,hotslots,N/A,N/A,,,Unknown,ZA,6453081,2026-05-13,,,,0.00,0.00,0.00,0.00,0.00,50.00,0.00,0.00,0.00,,,,3,,,0
2026-05-13,2026-05-14,ZAR,1,PlayBet,1,PlayBetHomepage,171,ibetsza,172,DEFAULT,,,Unknown,ZA,6453083,2026-05-13,,2026-05-13,,0.00,41.80,0.00,-0.01,-0.01,50.00,0.00,0.00,0.00,,,,,,,0
2026-05-13,2026-05-14,ZAR,1,PlayBet,1,PlayBetHomepage,171,ibetsza,172,DEFAULT,,,Unknown,ZA,6453113,2026-05-13,,,,0.00,0.00,0.00,0.00,0.00,50.00,0.00,0.00,0.00,,,,,,,0
2026-05-13,2026-05-14,ZAR,1,PlayBet,1,PlayBetHomepage,89,clickbytesolutions1,88,DEFAULT,,,Unknown,ZA,6453119,2026-05-13,,2026-05-13,,0.00,0.80,0.00,0.00,0.00,50.00,0.00,0.00,0.00,,,,,,,0
2026-05-13,2026-05-14,ZAR,1,PlayBet,1,PlayBetHomepage,62,newworld,179,BETS,,,Unknown,ZA,6453120,2026-05-13,,2026-05-13,,0.00,8.80,0.00,-0.03,-0.02,50.00,0.00,0.00,0.00,,,,,,,0
2026-05-13,2026-05-14,ZAR,1,PlayBet,3,PlaybetSignUp,103,hotslots,N/A,N/A,,,Unknown,ZA,6453146,2026-05-13,,,,0.00,0.00,0.00,0.00,0.00,50.00,0.00,0.00,0.00,,,,3,,,0
2026-05-13,2026-05-14,ZAR,1,PlayBet,3,PlaybetSignUp,103,hotslots,N/A,N/A,,,Unknown,ZA,6453154,2026-05-13,,2026-05-13,,0.00,92.50,0.00,-0.08,-0.05,50.00,-0.02,0.00,-0.02,,,,2,,,0
2026-05-13,2026-05-14,ZAR,1,PlayBet,3,PlaybetSignUp,103,hotslots,N/A,N/A,,,Unknown,ZA,6453171,2026-05-13,,2026-05-13,,0.00,15.85,0.00,-2.00,-1.30,50.00,-0.49,0.00,-0.49,,,,2,,,0
2026-05-13,2026-05-14,ZAR,1,PlayBet,1,PlayBetHomepage,171,ibetsza,172,DEFAULT,,,Unknown,ZA,6453205,2026-05-13,,2026-05-13,,0.00,5.00,0.00,-0.01,-0.01,50.00,0.00,0.00,0.00,,,,,,,0
2026-05-13,2026-05-14,ZAR,1,PlayBet,1,PlayBetHomepage,171,ibetsza,172,DEFAULT,,,Unknown,ZA,6453224,2026-05-13,,2026-05-13,,0.00,12.20,0.00,0.00,0.00,50.00,0.00,0.00,0.00,,,,,,,0
2026-05-13,2026-05-14,ZAR,1,PlayBet,1,PlayBetHomepage,171,ibetsza,172,DEFAULT,,,Unknown,ZA,6453225,2026-05-13,,2026-05-13,,0.00,8.80,0.00,0.00,0.00,50.00,0.00,0.00,0.00,,,,,,,0
2026-05-13,2026-05-14,ZAR,1,PlayBet,1,PlayBetHomepage,171,ibetsza,172,DEFAULT,,,Unknown,ZA,6453285,2026-05-13,,2026-05-13,,0.00,25.90,0.00,-0.12,-0.08,50.00,0.00,0.00,0.00,,,,,,,0
2026-05-13,2026-05-14,ZAR,1,PlayBet,1,PlayBetHomepage,171,ibetsza,172,DEFAULT,,,Unknown,ZA,6453316,2026-05-13,,2026-05-13,,0.00,50.80,0.00,-0.13,-0.08,50.00,0.00,0.00,0.00,,,,,,,0
2026-05-13,2026-05-14,ZAR,1,PlayBet,1,PlayBetHomepage,171,ibetsza,172,DEFAULT,,,Unknown,ZA,6453360,2026-05-13,,2026-05-13,,0.00,27.00,0.00,-0.06,-0.04,50.00,0.00,0.00,0.00,,,,,,,0
2026-05-13,2026-05-14,ZAR,1,PlayBet,1,PlayBetHomepage,171,ibetsza,172,DEFAULT,,,Unknown,ZA,6453363,2026-05-13,,2026-05-13,,0.00,16.80,0.00,0.00,0.00,50.00,0.00,0.00,0.00,,,,,,,0
2026-05-13,2026-05-14,ZAR,1,PlayBet,1,PlayBetHomepage,171,ibetsza,172,DEFAULT,,,Unknown,ZA,6453462,2026-05-13,,2026-05-13,,0.00,4.40,0.00,-0.05,-0.03,50.00,0.00,0.00,0.00,,,,,,,0
2026-05-13,2026-05-14,ZAR,1,PlayBet,1,PlayBetHomepage,171,ibetsza,172,DEFAULT,,,Unknown,ZA,6453589,2026-05-13,,,,0.00,0.00,0.00,0.00,0.00,50.00,0.00,0.00,0.00,,,,,,,0
2026-05-13,2026-05-14,ZAR,1,PlayBet,1,PlayBetHomepage,171,ibetsza,172,DEFAULT,,,Unknown,ZA,6453609,2026-05-13,,,,0.00,0.00,0.00,0.00,0.00,50.00,0.00,0.00,0.00,,,,,,,0
2026-05-13,2026-05-14,ZAR,1,PlayBet,3,PlaybetSignUp,103,hotslots,N/A,N/A,,,Unknown,ZA,6453616,2026-05-13,,2026-05-13,,0.00,29.00,0.00,-0.46,-0.30,50.00,-0.11,0.00,-0.11,,,,2,,,0
2026-05-13,2026-05-14,ZAR,1,PlayBet,1,PlayBetHomepage,152,ubercampaigns,152,DEFAULT,,,Unknown,ZA,6453649,2026-05-13,,2026-05-13,,0.00,48.69,0.00,-0.11,-0.07,50.00,0.00,0.00,0.00,,,,,,,0
2026-05-13,2026-05-14,ZAR,1,PlayBet,1,PlayBetHomepage,171,ibetsza,172,DEFAULT,,,Unknown,ZA,6453664,2026-05-13,,2026-05-13,,0.00,23.00,0.00,-0.04,-0.03,50.00,0.00,0.00,0.00,,,,,,,0
2026-05-13,2026-05-14,ZAR,1,PlayBet,1,PlayBetHomepage,62,newworld,179,BETS,,,Unknown,ZA,6453690,2026-05-13,,2026-05-13,,0.00,0.40,0.00,0.00,0.00,50.00,0.00,0.00,0.00,,,,,,,0
2026-05-13,2026-05-14,ZAR,1,PlayBet,1,PlayBetHomepage,171,ibetsza,172,DEFAULT,,,Unknown,ZA,6453791,2026-05-13,,2026-05-13,,0.00,2.00,0.00,-0.08,-0.05,50.00,0.00,0.00,0.00,,,,,,,0
2026-05-13,2026-05-14,ZAR,1,PlayBet,3,PlaybetSignUp,110,woohoo_spinaslots,N/A,N/A,,,Unknown,ZA,6453840,2026-05-13,,,,0.00,0.00,0.00,0.00,0.00,50.00,0.00,0.00,0.00,,,,,,,0
2026-05-13,2026-05-14,ZAR,1,PlayBet,1,PlayBetHomepage,171,ibetsza,172,DEFAULT,,,Unknown,ZA,6453884,2026-05-13,,,,0.00,0.00,0.00,0.00,0.00,50.00,0.00,0.00,0.00,,,,,,,0
2026-05-13,2026-05-14,ZAR,1,PlayBet,1,PlayBetHomepage,89,clickbytesolutions1,88,DEFAULT,,,Unknown,ZA,6453904,2026-05-13,,2026-05-13,,0.00,7.30,0.00,-0.12,-0.08,50.00,0.00,0.00,0.00,,,,,,,0
2026-05-13,2026-05-14,ZAR,1,PlayBet,1,PlayBetHomepage,62,newworld,N/A,N/A,,,Unknown,ZA,6453945,2026-05-13,,,,0.00,0.00,0.00,0.00,0.00,50.00,0.00,0.00,0.00,,,,,,,0
2026-05-13,2026-05-14,ZAR,1,PlayBet,1,PlayBetHomepage,62,newworld,179,BETS,,,Unknown,ZA,6454021,2026-05-13,,2026-05-13,,0.00,8.60,0.00,-0.05,-0.03,50.00,0.00,0.00,0.00,,,,,,,0
2026-05-13,2026-05-14,ZAR,1,PlayBet,1,PlayBetHomepage,171,ibetsza,172,DEFAULT,,,Unknown,ZA,6454022,2026-05-13,,2026-05-13,,0.00,13.60,0.00,-0.07,-0.05,50.00,0.00,0.00,0.00,,,,,,,0
2026-05-13,2026-05-14,ZAR,1,PlayBet,1,PlayBetHomepage,103,hotslots,N/A,N/A,,,Unknown,ZA,6454068,2026-05-13,,,,0.00,0.00,0.00,0.00,0.00,50.00,0.00,0.00,0.00,,,,,,,0
2026-05-13,2026-05-14,ZAR,1,PlayBet,1,PlayBetHomepage,171,ibetsza,172,DEFAULT,,,Unknown,ZA,6454096,2026-05-13,,2026-05-13,,0.00,23.50,0.00,-0.16,-0.10,50.00,0.00,0.00,0.00,,,,,,,0
2026-05-13,2026-05-14,ZAR,1,PlayBet,1,PlayBetHomepage,171,ibetsza,172,DEFAULT,,,Unknown,ZA,6454107,2026-05-13,,2026-05-13,,0.00,10.15,0.00,-0.09,-0.06,50.00,0.00,0.00,0.00,,,,,,,0
2026-05-13,2026-05-14,ZAR,1,PlayBet,1,PlayBetHomepage,171,ibetsza,172,DEFAULT,,,Unknown,ZA,6454112,2026-05-13,,,,0.00,0.00,0.00,0.00,0.00,50.00,0.00,0.00,0.00,,,,,,,0
2026-05-13,2026-05-14,ZAR,1,PlayBet,1,PlayBetHomepage,171,ibetsza,172,DEFAULT,,,Unknown,ZA,6454125,2026-05-13,,,,0.00,0.00,0.00,0.00,0.00,50.00,0.00,0.00,0.00,,,,,,,0
2026-05-13,2026-05-14,ZAR,1,PlayBet,3,PlaybetSignUp,103,hotslots,N/A,N/A,,,Unknown,ZA,6454139,2026-05-13,,,,0.00,0.00,0.00,0.00,0.00,50.00,0.00,0.00,0.00,,,,3,,,0
2026-05-13,2026-05-14,ZAR,1,PlayBet,1,PlayBetHomepage,171,ibetsza,172,DEFAULT,,,Unknown,ZA,6454172,2026-05-13,,2026-05-13,,0.00,23.20,0.00,-0.18,-0.12,50.00,0.00,0.00,0.00,,,,,,,0
2026-05-13,2026-05-14,ZAR,1,PlayBet,1,PlayBetHomepage,171,ibetsza,172,DEFAULT,,,Unknown,ZA,6454187,2026-05-13,,2026-05-13,,0.00,108.95,0.00,-0.09,-0.06,50.00,0.00,0.00,0.00,,,,,,,0
2026-05-13,2026-05-14,ZAR,1,PlayBet,1,PlayBetHomepage,89,clickbytesolutions1,88,DEFAULT,,,Unknown,ZA,6454189,2026-05-13,,,,0.00,0.00,0.00,0.00,0.00,50.00,0.00,0.00,0.00,,,,,,,0
2026-05-13,2026-05-14,ZAR,1,PlayBet,1,PlayBetHomepage,171,ibetsza,172,DEFAULT,,,Unknown,ZA,6454196,2026-05-13,,2026-05-13,,0.00,7.00,0.00,0.00,0.00,50.00,0.00,0.00,0.00,,,,,,,0
2026-05-13,2026-05-14,ZAR,1,PlayBet,1,PlayBetHomepage,62,newworld,179,BETS,,,Unknown,ZA,6454219,2026-05-13,,2026-05-13,,0.00,28.70,0.00,-190.02,-123.51,50.00,0.00,0.00,0.00,,,,,,,0
2026-05-13,2026-05-14,ZAR,1,PlayBet,1,PlayBetHomepage,62,newworld,179,BETS,,,Unknown,ZA,6454236,2026-05-13,,2026-05-13,,0.00,115.80,0.00,-0.07,-0.05,50.00,0.00,0.00,0.00,,,,,,,0
2026-05-13,2026-05-14,ZAR,1,PlayBet,3,PlaybetSignUp,103,hotslots,N/A,N/A,,,Unknown,ZA,6454265,2026-05-13,,,,0.00,0.00,0.00,0.00,0.00,50.00,0.00,0.00,0.00,,,,2,,,0
2026-05-13,2026-05-14,ZAR,1,PlayBet,1,PlayBetHomepage,62,newworld,N/A,N/A,,,Unknown,ZA,6454280,2026-05-13,,2026-05-13,,0.00,25.80,0.00,-199.40,-129.61,50.00,0.00,0.00,0.00,,,,,,,0
2026-05-13,2026-05-14,ZAR,1,PlayBet,1,PlayBetHomepage,62,newworld,179,BETS,,,Unknown,ZA,6454315,2026-05-13,,2026-05-13,,0.00,16.60,0.00,0.00,0.00,50.00,0.00,0.00,0.00,,,,,,,0
2026-05-13,2026-05-14,ZAR,1,PlayBet,1,PlayBetHomepage,171,ibetsza,172,DEFAULT,,,Unknown,ZA,6454343,2026-05-13,,2026-05-13,,0.00,92.00,0.00,0.00,0.00,50.00,0.00,0.00,0.00,,,,,,,0
2026-05-13,2026-05-14,ZAR,1,PlayBet,3,PlaybetSignUp,103,hotslots,N/A,N/A,,,Unknown,ZA,6454455,2026-05-13,,2026-05-13,,0.00,7.44,0.00,-0.03,-0.02,50.00,-0.01,0.00,-0.01,,,,3,,,0
2026-05-13,2026-05-14,ZAR,1,PlayBet,3,PlaybetSignUp,110,woohoo_spinaslots,N/A,N/A,,,Unknown,ZA,6454464,2026-05-13,,2026-05-13,,0.00,326.27,0.00,-0.04,-0.03,50.00,0.00,0.00,0.00,,,,,,,0
2026-05-13,2026-05-14,ZAR,1,PlayBet,1,PlayBetHomepage,171,ibetsza,172,DEFAULT,,,Unknown,ZA,6454482,2026-05-13,,,,0.00,0.00,0.00,-2.55,-1.65,50.00,0.00,0.00,0.00,,,,,,,0
2026-05-13,2026-05-14,ZAR,1,PlayBet,1,PlayBetHomepage,103,hotslots,N/A,N/A,,,Unknown,ZA,6454502,2026-05-13,,,,0.00,0.00,0.00,0.00,0.00,50.00,0.00,0.00,0.00,,,,,,,0
2026-05-13,2026-05-14,ZAR,1,PlayBet,1,PlayBetHomepage,62,newworld,N/A,N/A,,,Unknown,ZA,6454542,2026-05-13,,2026-05-13,,0.00,5.22,0.00,0.00,0.00,50.00,0.00,0.00,0.00,,,,,,,0
2026-05-13,2026-05-14,ZAR,1,PlayBet,1,PlayBetHomepage,171,ibetsza,172,DEFAULT,,,Unknown,ZA,6454586,2026-05-13,,2026-05-13,,0.00,11.60,0.00,-0.05,-0.03,50.00,0.00,0.00,0.00,,,,,,,0
2026-05-13,2026-05-14,ZAR,1,PlayBet,1,PlayBetHomepage,62,newworld,N/A,N/A,,,Unknown,ZA,6454593,2026-05-13,,,,0.00,0.00,0.00,0.00,0.00,50.00,0.00,0.00,0.00,,,,,,,0
2026-05-13,2026-05-14,ZAR,1,PlayBet,1,PlayBetHomepage,171,ibetsza,172,DEFAULT,,,Unknown,ZA,6454620,2026-05-13,,,,0.00,0.00,0.00,0.00,0.00,50.00,0.00,0.00,0.00,,,,,,,0
2026-05-13,2026-05-14,ZAR,1,PlayBet,1,PlayBetHomepage,62,newworld,N/A,N/A,,,Unknown,ZA,6454652,2026-05-13,,2026-05-13,,0.00,18.50,0.00,-0.05,-0.03,50.00,0.00,0.00,0.00,,,,,,,0
2026-05-13,2026-05-14,ZAR,1,PlayBet,1,PlayBetHomepage,62,newworld,N/A,N/A,,,Unknown,ZA,6454657,2026-05-13,,2026-05-13,,0.00,193.55,0.00,0.00,0.00,50.00,0.00,0.00,0.00,,,,,,,0
2026-05-13,2026-05-14,ZAR,1,PlayBet,1,PlayBetHomepage,62,newworld,179,BETS,,,Unknown,ZA,6454701,2026-05-13,,,,0.00,0.00,0.00,0.00,0.00,50.00,0.00,0.00,0.00,,,,,,,0
2026-05-13,2026-05-14,ZAR,1,PlayBet,1,PlayBetHomepage,62,newworld,179,BETS,,,Unknown,ZA,6454711,2026-05-13,,2026-05-13,,0.00,8.70,0.00,-0.02,-0.01,50.00,0.00,0.00,0.00,,,,,,,0
2026-05-13,2026-05-14,ZAR,1,PlayBet,1,PlayBetHomepage,62,newworld,N/A,N/A,,,Unknown,ZA,6454747,2026-05-13,,,,0.00,0.00,0.00,0.00,0.00,50.00,0.00,0.00,0.00,,,,,,,0
2026-05-13,2026-05-14,ZAR,1,PlayBet,1,PlayBetHomepage,171,ibetsza,172,DEFAULT,,,Unknown,ZA,6454801,2026-05-13,,,,0.00,0.00,0.00,0.00,0.00,50.00,0.00,0.00,0.00,,,,,,,0
2026-05-13,2026-05-14,ZAR,1,PlayBet,3,PlaybetSignUp,103,hotslots,N/A,N/A,,,Unknown,ZA,6454850,2026-05-13,,2026-05-13,,0.00,20.40,0.00,-0.09,-0.06,50.00,-0.02,0.00,-0.02,,,,3,,,0
2026-05-13,2026-05-14,ZAR,1,PlayBet,1,PlayBetHomepage,62,newworld,N/A,N/A,,,Unknown,ZA,6454917,2026-05-13,,,,0.00,0.00,0.00,0.00,0.00,50.00,0.00,0.00,0.00,,,,,,,0
2026-05-13,2026-05-14,ZAR,1,PlayBet,3,PlaybetSignUp,103,hotslots,N/A,N/A,,,Unknown,ZA,6454931,2026-05-13,,,,0.00,0.00,0.00,0.00,0.00,50.00,0.00,0.00,0.00,,,,3,,,0
2026-05-13,2026-05-14,ZAR,1,PlayBet,1,PlayBetHomepage,171,ibetsza,172,DEFAULT,,,Unknown,ZA,6454950,2026-05-13,,2026-05-13,,0.00,2428.55,0.00,-0.15,-0.10,50.00,0.00,0.00,0.00,,,,,,,0
2026-05-13,2026-05-14,ZAR,1,PlayBet,1,PlayBetHomepage,171,ibetsza,172,DEFAULT,,,Unknown,ZA,6454956,2026-05-13,,2026-05-13,,0.00,92.90,0.00,-0.19,-0.12,50.00,0.00,0.00,0.00,,,,,,,0
2026-05-13,2026-05-14,ZAR,1,PlayBet,1,PlayBetHomepage,62,newworld,179,BETS,,,Unknown,ZA,6455000,2026-05-13,,2026-05-13,,0.00,18.40,0.00,-0.19,-0.12,50.00,0.00,0.00,0.00,,,,,,,0
2026-05-13,2026-05-14,ZAR,1,PlayBet,1,PlayBetHomepage,62,newworld,N/A,N/A,,,Unknown,ZA,6455087,2026-05-13,,,,0.00,0.00,0.00,0.00,0.00,50.00,0.00,0.00,0.00,,,,,,,0
2026-05-13,2026-05-14,ZAR,1,PlayBet,1,PlayBetHomepage,171,ibetsza,172,DEFAULT,,,Unknown,ZA,6455130,2026-05-13,,,,0.00,0.00,0.00,0.00,0.00,50.00,0.00,0.00,0.00,,,,,,,0
2026-05-13,2026-05-14,ZAR,1,PlayBet,1,PlayBetHomepage,171,ibetsza,172,DEFAULT,,,Unknown,ZA,6455143,2026-05-13,,,,0.00,0.00,0.00,0.00,0.00,50.00,0.00,0.00,0.00,,,,,,,0
2026-05-13,2026-05-14,ZAR,1,PlayBet,1,PlayBetHomepage,62,newworld,N/A,N/A,,,Unknown,ZA,6455167,2026-05-13,,,,0.00,0.00,0.00,0.00,0.00,50.00,0.00,0.00,0.00,,,,,,,0
2026-05-13,2026-05-14,ZAR,1,PlayBet,3,PlaybetSignUp,103,hotslots,N/A,N/A,,,Unknown,ZA,6455172,2026-05-13,,2026-05-13,,0.00,149.30,0.00,-0.18,-0.12,50.00,-0.05,0.00,-0.05,,,,2,,,0
2026-05-13,2026-05-14,ZAR,1,PlayBet,1,PlayBetHomepage,171,ibetsza,172,DEFAULT,,,Unknown,ZA,6455251,2026-05-13,,2026-05-13,,0.00,23.60,0.00,-0.04,-0.03,50.00,0.00,0.00,0.00,,,,,,,0
2026-05-13,2026-05-14,ZAR,1,PlayBet,1,PlayBetHomepage,171,ibetsza,172,DEFAULT,,,Unknown,ZA,6455264,2026-05-13,,2026-05-13,,0.00,15.60,0.00,-0.03,-0.02,50.00,0.00,0.00,0.00,,,,,,,0
2026-05-13,2026-05-14,ZAR,1,PlayBet,1,PlayBetHomepage,62,newworld,179,BETS,,,Unknown,ZA,6455343,2026-05-13,,2026-05-13,,0.00,16.90,0.00,-0.01,-0.01,50.00,0.00,0.00,0.00,,,,,,,0
2026-05-13,2026-05-14,ZAR,1,PlayBet,1,PlayBetHomepage,62,newworld,179,BETS,,,Unknown,ZA,6455350,2026-05-13,,,,0.00,0.00,0.00,-2.31,-1.50,50.00,0.00,0.00,0.00,,,,,,,0
2026-05-13,2026-05-14,ZAR,1,PlayBet,1,PlayBetHomepage,171,ibetsza,172,DEFAULT,,,Unknown,ZA,6455364,2026-05-13,,,,0.00,0.00,0.00,0.00,0.00,50.00,0.00,0.00,0.00,,,,,,,0
2026-05-13,2026-05-14,ZAR,1,PlayBet,1,PlayBetHomepage,62,newworld,179,BETS,,,Unknown,ZA,6455386,2026-05-13,2026-05-14,2026-05-13,,10.00,35.90,0.00,9.85,6.40,50.00,2.26,0.00,2.26,,,,,,,0
2026-05-13,2026-05-14,ZAR,1,PlayBet,1,PlayBetHomepage,62,newworld,N/A,N/A,,,Unknown,ZA,6455389,2026-05-13,,2026-05-13,,0.00,24.20,0.00,-5.40,-3.51,50.00,0.00,0.00,0.00,,,,,,,0
2026-05-13,2026-05-14,ZAR,1,PlayBet,3,PlaybetSignUp,110,woohoo_spinaslots,N/A,N/A,,,Unknown,ZA,6455395,2026-05-13,,2026-05-13,,0.00,469.15,0.00,-0.16,-0.10,50.00,0.00,0.00,0.00,,,,,,,0
2026-05-13,2026-05-14,ZAR,1,PlayBet,1,PlayBetHomepage,40,woohoo,N/A,N/A,,,Unknown,ZA,6455424,2026-05-13,,,,0.00,0.00,0.00,0.00,0.00,50.00,0.00,0.00,0.00,,,,bw,,,0
2026-05-13,2026-05-14,ZAR,1,PlayBet,1,PlayBetHomepage,171,ibetsza,172,DEFAULT,,,Unknown,ZA,6455438,2026-05-13,2026-05-14,2026-05-13,,30.00,251.12,0.00,30.00,19.50,50.00,6.84,0.00,6.84,,,,,,,0
2026-05-13,2026-05-14,ZAR,1,PlayBet,1,PlayBetHomepage,171,ibetsza,172,DEFAULT,,,Unknown,ZA,6455456,2026-05-13,,,,0.00,0.00,0.00,0.00,0.00,50.00,0.00,0.00,0.00,,,,,,,0
2026-05-13,2026-05-14,ZAR,1,PlayBet,1,PlayBetHomepage,62,newworld,179,BETS,,,Unknown,ZA,6455461,2026-05-13,,2026-05-13,,0.00,8.00,0.00,-0.09,-0.06,50.00,0.00,0.00,0.00,,,,,,,0
2026-05-13,2026-05-14,ZAR,1,PlayBet,1,PlayBetHomepage,171,ibetsza,172,DEFAULT,,,Unknown,ZA,6455471,2026-05-13,,2026-05-13,,0.00,14.40,0.00,-0.25,-0.16,50.00,0.00,0.00,0.00,,,,,,,0
2026-05-13,2026-05-14,ZAR,1,PlayBet,1,PlayBetHomepage,171,ibetsza,172,DEFAULT,,,Unknown,ZA,6455525,2026-05-13,,2026-05-13,,0.00,9.20,0.00,-0.18,-0.12,50.00,0.00,0.00,0.00,,,,,,,0
2026-05-13,2026-05-14,ZAR,1,PlayBet,1,PlayBetHomepage,62,newworld,179,BETS,,,Unknown,ZA,6455639,2026-05-13,,,,0.00,0.00,0.00,0.00,0.00,50.00,0.00,0.00,0.00,,,,,,,0
2026-05-13,2026-05-14,ZAR,1,PlayBet,3,PlaybetSignUp,103,hotslots,N/A,N/A,,,Unknown,ZA,6455676,2026-05-13,,,,0.00,0.00,0.00,0.00,0.00,50.00,0.00,0.00,0.00,,,,3,,,0
2026-05-13,2026-05-14,ZAR,1,PlayBet,1,PlayBetHomepage,171,ibetsza,172,DEFAULT,,,Unknown,ZA,6455747,2026-05-13,,2026-05-13,,0.00,145.20,0.00,-0.14,-0.09,50.00,0.00,0.00,0.00,,,,,,,0
2026-05-13,2026-05-14,ZAR,1,PlayBet,3,PlaybetSignUp,110,woohoo_spinaslots,N/A,N/A,,,Unknown,ZA,6455769,2026-05-13,,2026-05-13,,0.00,10.50,0.00,-0.05,-0.03,50.00,0.00,0.00,0.00,,,,,,,0
2026-05-13,2026-05-14,ZAR,1,PlayBet,1,PlayBetHomepage,171,ibetsza,172,DEFAULT,,,Unknown,ZA,6455770,2026-05-13,,2026-05-13,,0.00,8.50,0.00,-0.15,-0.10,50.00,0.00,0.00,0.00,,,,,,,0
2026-05-13,2026-05-14,ZAR,1,PlayBet,1,PlayBetHomepage,171,ibetsza,172,DEFAULT,,,Unknown,ZA,6455795,2026-05-13,,2026-05-13,,0.00,197.95,0.00,-0.03,-0.02,50.00,0.00,0.00,0.00,,,,,,,0
2026-05-13,2026-05-14,ZAR,1,PlayBet,1,PlayBetHomepage,40,woohoo,N/A,N/A,,,Unknown,ZA,6455802,2026-05-13,,,,0.00,0.00,0.00,0.00,0.00,50.00,0.00,0.00,0.00,,,,bw,,,0
2026-05-13,2026-05-14,ZAR,1,PlayBet,1,PlayBetHomepage,62,newworld,179,BETS,,,Unknown,ZA,6455818,2026-05-13,,2026-05-13,,0.00,22.60,0.00,0.00,0.00,50.00,0.00,0.00,0.00,,,,,,,0
2026-05-13,2026-05-14,ZAR,1,PlayBet,1,PlayBetHomepage,171,ibetsza,172,DEFAULT,,,Unknown,ZA,6455829,2026-05-13,,2026-05-13,,0.00,23.10,0.00,-0.05,-0.03,50.00,0.00,0.00,0.00,,,,,,,0
2026-05-13,2026-05-14,ZAR,1,PlayBet,1,PlayBetHomepage,171,ibetsza,172,DEFAULT,,,Unknown,ZA,6455897,2026-05-13,,2026-05-13,,0.00,54.00,0.00,0.00,0.00,50.00,0.00,0.00,0.00,,,,,,,0
2026-05-13,2026-05-14,ZAR,1,PlayBet,1,PlayBetHomepage,89,clickbytesolutions1,88,DEFAULT,,,Unknown,ZA,6455907,2026-05-13,,2026-05-13,,0.00,11.80,0.00,-0.01,-0.01,50.00,0.00,0.00,0.00,,,,,,,0
2026-05-13,2026-05-14,ZAR,1,PlayBet,1,PlayBetHomepage,62,newworld,179,BETS,,,Unknown,ZA,6455927,2026-05-13,,2026-05-13,,0.00,4.50,0.00,-0.47,-0.31,50.00,0.00,0.00,0.00,,,,,,,0
2026-05-13,2026-05-14,ZAR,1,PlayBet,3,PlaybetSignUp,103,hotslots,N/A,N/A,,,Unknown,ZA,6455935,2026-05-13,,2026-05-13,,0.00,3.20,0.00,-0.06,-0.04,50.00,-0.02,0.00,-0.02,,,,2,,,0
2026-05-13,2026-05-14,ZAR,1,PlayBet,1,PlayBetHomepage,171,ibetsza,172,DEFAULT,,,Unknown,ZA,6455943,2026-05-13,,,,0.00,0.00,0.00,0.00,0.00,50.00,0.00,0.00,0.00,,,,,,,0
2026-05-13,2026-05-14,ZAR,1,PlayBet,1,PlayBetHomepage,171,ibetsza,172,DEFAULT,,,Unknown,ZA,6455957,2026-05-13,,2026-05-13,,0.00,36.40,0.00,-1.12,-0.73,50.00,0.00,0.00,0.00,,,,,,,0
2026-05-13,2026-05-14,ZAR,1,PlayBet,1,PlayBetHomepage,171,ibetsza,172,DEFAULT,,,Unknown,ZA,6455992,2026-05-13,,2026-05-13,,0.00,7.60,0.00,-0.08,-0.05,50.00,0.00,0.00,0.00,,,,,,,0
2026-05-13,2026-05-14,ZAR,1,PlayBet,1,PlayBetHomepage,62,newworld,N/A,N/A,,,Unknown,ZA,6456005,2026-05-13,2026-05-13,2026-05-13,,30.00,187.00,0.00,-220.23,-143.15,50.00,-50.10,0.00,-50.10,,,,,,,0
2026-05-13,2026-05-14,ZAR,1,PlayBet,3,PlaybetSignUp,103,hotslots,N/A,N/A,,,Unknown,ZA,6456028,2026-05-13,,,,0.00,0.00,0.00,0.00,0.00,50.00,0.00,0.00,0.00,,,,2,,,0
2026-05-13,2026-05-14,ZAR,1,PlayBet,1,PlayBetHomepage,171,ibetsza,172,DEFAULT,,,Unknown,ZA,6456042,2026-05-13,,2026-05-13,,0.00,153.97,0.00,-0.69,-0.45,50.00,0.00,0.00,0.00,,,,,,,0
2026-05-13,2026-05-14,ZAR,1,PlayBet,1,PlayBetHomepage,171,ibetsza,172,DEFAULT,,,Unknown,ZA,6456059,2026-05-13,,2026-05-13,,0.00,20.77,0.00,0.00,0.00,50.00,0.00,0.00,0.00,,,,,,,0
2026-05-13,2026-05-14,ZAR,1,PlayBet,1,PlayBetHomepage,171,ibetsza,172,DEFAULT,,,Unknown,ZA,6456062,2026-05-13,,2026-05-13,,0.00,125.75,0.00,-0.11,-0.07,50.00,0.00,0.00,0.00,,,,,,,0
2026-05-13,2026-05-14,ZAR,1,PlayBet,1,PlayBetHomepage,62,newworld,N/A,N/A,,,Unknown,ZA,6456094,2026-05-13,,2026-05-13,,0.00,77.10,0.00,0.00,0.00,50.00,0.00,0.00,0.00,,,,,,,0
2026-05-13,2026-05-14,ZAR,1,PlayBet,1,PlayBetHomepage,171,ibetsza,172,DEFAULT,,,Unknown,ZA,6456098,2026-05-13,,2026-05-13,,0.00,31.75,0.00,-0.15,-0.10,50.00,0.00,0.00,0.00,,,,,,,0
2026-05-13,2026-05-14,ZAR,1,PlayBet,1,PlayBetHomepage,171,ibetsza,172,DEFAULT,,,Unknown,ZA,6456113,2026-05-13,,2026-05-13,,0.00,34.50,0.00,-0.15,-0.10,50.00,0.00,0.00,0.00,,,,,,,0
2026-05-13,2026-05-14,ZAR,1,PlayBet,3,PlaybetSignUp,103,hotslots,N/A,N/A,,,Unknown,ZA,6456171,2026-05-13,,2026-05-13,,0.00,49.20,0.00,-0.14,-0.09,50.00,-0.03,0.00,-0.03,,,,2,,,0
2026-05-13,2026-05-14,ZAR,1,PlayBet,1,PlayBetHomepage,171,ibetsza,172,DEFAULT,,,Unknown,ZA,6456216,2026-05-13,,2026-05-13,,0.00,16.70,0.00,-0.03,-0.02,50.00,0.00,0.00,0.00,,,,,,,0
2026-05-13,2026-05-14,ZAR,1,PlayBet,1,PlayBetHomepage,171,ibetsza,172,DEFAULT,,,Unknown,ZA,6456246,2026-05-13,,2026-05-13,,0.00,6.20,0.00,-0.29,-0.19,50.00,0.00,0.00,0.00,,,,,,,0
2026-05-13,2026-05-14,ZAR,1,PlayBet,1,PlayBetHomepage,171,ibetsza,172,DEFAULT,,,Unknown,ZA,6456255,2026-05-13,,2026-05-13,,0.00,4.80,0.00,-0.10,-0.06,50.00,0.00,0.00,0.00,,,,,,,0
2026-05-13,2026-05-14,ZAR,1,PlayBet,1,PlayBetHomepage,62,newworld,N/A,N/A,,,Unknown,ZA,6456276,2026-05-13,,2026-05-13,,0.00,181.25,0.00,-0.06,-0.04,50.00,0.00,0.00,0.00,,,,,,,0
2026-05-13,2026-05-14,ZAR,1,PlayBet,1,PlayBetHomepage,62,newworld,179,BETS,,,Unknown,ZA,6456282,2026-05-13,,2026-05-13,,0.00,5.40,0.00,-0.05,-0.03,50.00,0.00,0.00,0.00,,,,,,,0
2026-05-13,2026-05-14,ZAR,1,PlayBet,3,PlaybetSignUp,110,woohoo_spinaslots,N/A,N/A,,,Unknown,ZA,6456301,2026-05-13,,2026-05-13,,0.00,60.00,0.00,0.00,0.00,50.00,0.00,0.00,0.00,,,,,,,0
2026-05-13,2026-05-14,ZAR,1,PlayBet,1,PlayBetHomepage,171,ibetsza,172,DEFAULT,,,Unknown,ZA,6456341,2026-05-13,,2026-05-13,,0.00,4.00,0.00,-0.45,-0.29,50.00,0.00,0.00,0.00,,,,,,,0
2026-05-13,2026-05-14,ZAR,1,PlayBet,1,PlayBetHomepage,62,newworld,179,BETS,,,Unknown,ZA,6456362,2026-05-13,,2026-05-13,,0.00,29.80,0.00,-5.52,-3.59,50.00,0.00,0.00,0.00,,,,,,,0
2026-05-13,2026-05-14,ZAR,1,PlayBet,1,PlayBetHomepage,171,ibetsza,172,DEFAULT,,,Unknown,ZA,6456409,2026-05-13,,2026-05-13,,0.00,49.50,0.00,-0.02,-0.01,50.00,0.00,0.00,0.00,,,,,,,0
2026-05-13,2026-05-14,ZAR,1,PlayBet,1,PlayBetHomepage,171,ibetsza,172,DEFAULT,,,Unknown,ZA,6456416,2026-05-13,,2026-05-13,,0.00,11.10,0.00,-0.09,-0.06,50.00,0.00,0.00,0.00,,,,,,,0
2026-05-13,2026-05-14,ZAR,1,PlayBet,1,PlayBetHomepage,171,ibetsza,172,DEFAULT,,,Unknown,ZA,6456418,2026-05-13,,2026-05-13,,0.00,27.50,0.00,-0.06,-0.04,50.00,0.00,0.00,0.00,,,,,,,0
2026-05-13,2026-05-14,ZAR,1,PlayBet,1,PlayBetHomepage,62,newworld,179,BETS,,,Unknown,ZA,6456459,2026-05-13,,2026-05-14,,0.00,5.00,0.00,-0.07,-0.05,50.00,0.00,0.00,0.00,,,,,,,0
2026-05-13,2026-05-14,ZAR,1,PlayBet,3,PlaybetSignUp,110,woohoo_spinaslots,N/A,N/A,,,Unknown,ZA,6456471,2026-05-13,,,,0.00,0.00,0.00,0.00,0.00,50.00,0.00,0.00,0.00,,,,,,,0
2026-05-13,2026-05-14,ZAR,1,PlayBet,1,PlayBetHomepage,171,ibetsza,172,DEFAULT,,,Unknown,ZA,6456479,2026-05-13,,,,0.00,0.00,0.00,0.00,0.00,50.00,0.00,0.00,0.00,,,,,,,0
2026-05-13,2026-05-14,ZAR,1,PlayBet,1,PlayBetHomepage,171,ibetsza,172,DEFAULT,,,Unknown,ZA,6456490,2026-05-13,,,,0.00,0.00,0.00,0.00,0.00,50.00,0.00,0.00,0.00,,,,,,,0
2026-05-13,2026-05-14,ZAR,1,PlayBet,1,PlayBetHomepage,171,ibetsza,172,DEFAULT,,,Unknown,ZA,6456573,2026-05-13,,2026-05-13,,0.00,13.40,0.00,-0.06,-0.04,50.00,0.00,0.00,0.00,,,,,,,0
2026-05-13,2026-05-14,ZAR,1,PlayBet,1,PlayBetHomepage,171,ibetsza,172,DEFAULT,,,Unknown,ZA,6456585,2026-05-13,,2026-05-13,,0.00,3.40,0.00,0.00,0.00,50.00,0.00,0.00,0.00,,,,,,,0
2026-05-13,2026-05-14,ZAR,1,PlayBet,1,PlayBetHomepage,62,newworld,N/A,N/A,,,Unknown,ZA,6456619,2026-05-13,,2026-05-13,,0.00,85.70,0.00,-0.48,-0.31,50.00,0.00,0.00,0.00,,,,,,,0
2026-05-13,2026-05-14,ZAR,1,PlayBet,1,PlayBetHomepage,62,newworld,179,BETS,,,Unknown,ZA,6456626,2026-05-13,,2026-05-13,,0.00,31.85,0.00,-0.08,-0.06,50.00,0.00,0.00,0.00,,,,,,,0
2026-05-13,2026-05-14,ZAR,1,PlayBet,1,PlayBetHomepage,171,ibetsza,172,DEFAULT,,,Unknown,ZA,6456642,2026-05-13,,2026-05-13,,0.00,10.70,0.00,-0.06,-0.04,50.00,0.00,0.00,0.00,,,,,,,0
2026-05-13,2026-05-14,ZAR,1,PlayBet,1,PlayBetHomepage,171,ibetsza,172,DEFAULT,,,Unknown,ZA,6456716,2026-05-13,,,,0.00,0.00,0.00,0.00,0.00,50.00,0.00,0.00,0.00,,,,,,,0
2026-05-13,2026-05-14,ZAR,1,PlayBet,1,PlayBetHomepage,62,newworld,N/A,N/A,,,Unknown,ZA,6456739,2026-05-13,,2026-05-13,,0.00,55.05,0.00,-0.09,-0.06,50.00,0.00,0.00,0.00,,,,,,,0
2026-05-13,2026-05-14,ZAR,1,PlayBet,1,PlayBetHomepage,171,ibetsza,172,DEFAULT,,,Unknown,ZA,6456784,2026-05-13,,2026-05-13,,0.00,7.10,0.00,0.00,0.00,50.00,0.00,0.00,0.00,,,,,,,0
2026-05-13,2026-05-14,ZAR,1,PlayBet,1,PlayBetHomepage,62,newworld,N/A,N/A,,,Unknown,ZA,6456813,2026-05-13,,2026-05-13,,0.00,31.30,0.00,0.00,0.00,50.00,0.00,0.00,0.00,,,,,,,0
2026-05-13,2026-05-14,ZAR,1,PlayBet,1,PlayBetHomepage,171,ibetsza,172,DEFAULT,,,Unknown,ZA,6456817,2026-05-13,,2026-05-13,,0.00,96.80,0.00,-0.23,-0.15,50.00,0.00,0.00,0.00,,,,,,,0
2026-05-13,2026-05-14,ZAR,1,PlayBet,1,PlayBetHomepage,171,ibetsza,172,DEFAULT,,,Unknown,ZA,6456848,2026-05-13,,2026-05-13,,0.00,10.60,0.00,-0.14,-0.09,50.00,0.00,0.00,0.00,,,,,,,0
2026-05-13,2026-05-14,ZAR,1,PlayBet,1,PlayBetHomepage,62,newworld,179,BETS,,,Unknown,ZA,6456855,2026-05-13,,2026-05-13,,0.00,40.00,0.00,-0.02,-0.01,50.00,0.00,0.00,0.00,,,,,,,0
2026-05-13,2026-05-14,ZAR,1,PlayBet,1,PlayBetHomepage,62,newworld,179,BETS,,,Unknown,ZA,6456906,2026-05-13,,2026-05-13,,0.00,10.40,0.00,-0.02,-0.01,50.00,0.00,0.00,0.00,,,,,,,0
2026-05-13,2026-05-14,ZAR,1,PlayBet,1,PlayBetHomepage,171,ibetsza,172,DEFAULT,,,Unknown,ZA,6456924,2026-05-13,,2026-05-13,,0.00,104.15,0.00,0.00,0.00,50.00,0.00,0.00,0.00,,,,,,,0
2026-05-13,2026-05-14,ZAR,1,PlayBet,1,PlayBetHomepage,171,ibetsza,172,DEFAULT,,,Unknown,ZA,6456925,2026-05-13,,,,0.00,0.00,0.00,0.00,0.00,50.00,0.00,0.00,0.00,,,,,,,0
2026-05-13,2026-05-14,ZAR,1,PlayBet,1,PlayBetHomepage,89,clickbytesolutions1,88,DEFAULT,,,Unknown,ZA,6456943,2026-05-13,,2026-05-13,,0.00,12.45,0.00,0.00,0.00,50.00,0.00,0.00,0.00,,,,,,,0
2026-05-13,2026-05-14,ZAR,1,PlayBet,1,PlayBetHomepage,103,hotslots,N/A,N/A,,,Unknown,ZA,6456950,2026-05-13,,,,0.00,0.00,0.00,0.00,0.00,50.00,0.00,0.00,0.00,,,,,,,0
2026-05-13,2026-05-14,ZAR,1,PlayBet,1,PlayBetHomepage,171,ibetsza,172,DEFAULT,,,Unknown,ZA,6456983,2026-05-13,,2026-05-13,,0.00,3.80,0.00,-0.01,-0.01,50.00,0.00,0.00,0.00,,,,,,,0
2026-05-13,2026-05-14,ZAR,1,PlayBet,1,PlayBetHomepage,171,ibetsza,172,DEFAULT,,,Unknown,ZA,6457003,2026-05-13,,,,0.00,0.00,0.00,0.00,0.00,50.00,0.00,0.00,0.00,,,,,,,0
2026-05-13,2026-05-14,ZAR,1,PlayBet,1,PlayBetHomepage,171,ibetsza,172,DEFAULT,,,Unknown,ZA,6457027,2026-05-13,,2026-05-14,,0.00,4.20,0.00,-0.45,-0.29,50.00,0.00,0.00,0.00,,,,,,,0
2026-05-13,2026-05-14,ZAR,1,PlayBet,1,PlayBetHomepage,171,ibetsza,172,DEFAULT,,,Unknown,ZA,6457045,2026-05-13,,,,0.00,0.00,0.00,0.00,0.00,50.00,0.00,0.00,0.00,,,,,,,0
2026-05-13,2026-05-14,ZAR,1,PlayBet,1,PlayBetHomepage,171,ibetsza,172,DEFAULT,,,Unknown,ZA,6457055,2026-05-13,,2026-05-13,,0.00,4.00,0.00,-0.07,-0.05,50.00,0.00,0.00,0.00,,,,,,,0
2026-05-13,2026-05-14,ZAR,1,PlayBet,1,PlayBetHomepage,171,ibetsza,172,DEFAULT,,,Unknown,ZA,6457096,2026-05-13,,2026-05-13,,0.00,221.50,0.00,-0.39,-0.25,50.00,0.00,0.00,0.00,,,,,,,0
2026-05-13,2026-05-14,ZAR,1,PlayBet,1,PlayBetHomepage,171,ibetsza,172,DEFAULT,,,Unknown,ZA,6457116,2026-05-13,,,,0.00,0.00,0.00,0.00,0.00,50.00,0.00,0.00,0.00,,,,,,,0
2026-05-13,2026-05-14,ZAR,1,PlayBet,3,PlaybetSignUp,103,hotslots,N/A,N/A,,,Unknown,ZA,6457118,2026-05-13,,2026-05-13,,0.00,77.60,0.00,-0.04,-0.03,50.00,-0.01,0.00,-0.01,,,,2,,,0
2026-05-13,2026-05-14,ZAR,1,PlayBet,1,PlayBetHomepage,171,ibetsza,172,DEFAULT,,,Unknown,ZA,6457119,2026-05-13,,2026-05-13,,0.00,115.70,0.00,-3.60,-2.34,50.00,0.00,0.00,0.00,,,,,,,0
2026-05-13,2026-05-14,ZAR,1,PlayBet,3,PlaybetSignUp,103,hotslots,N/A,N/A,,,Unknown,ZA,6457129,2026-05-13,,,,0.00,0.00,0.00,0.00,0.00,50.00,0.00,0.00,0.00,,,,3,,,0
2026-05-13,2026-05-14,ZAR,1,PlayBet,1,PlayBetHomepage,62,newworld,179,BETS,,,Unknown,ZA,6457132,2026-05-13,,2026-05-13,,0.00,109.90,0.00,-0.10,-0.06,50.00,0.00,0.00,0.00,,,,,,,0
2026-05-13,2026-05-14,ZAR,1,PlayBet,1,PlayBetHomepage,89,clickbytesolutions1,88,DEFAULT,,,Unknown,ZA,6457183,2026-05-13,,2026-05-13,,0.00,40.54,0.00,-0.01,0.00,50.00,0.00,0.00,0.00,,,,,,,0
2026-05-13,2026-05-14,ZAR,1,PlayBet,1,PlayBetHomepage,62,newworld,179,BETS,,,Unknown,ZA,6457215,2026-05-13,,,,0.00,0.00,0.00,0.00,0.00,50.00,0.00,0.00,0.00,,,,,,,0
2026-05-13,2026-05-14,ZAR,1,PlayBet,1,PlayBetHomepage,62,newworld,179,BETS,,,Unknown,ZA,6457248,2026-05-13,,2026-05-14,,0.00,879.80,0.00,-19.44,-12.64,50.00,0.00,0.00,0.00,,,,,,,0
2026-05-13,2026-05-14,ZAR,1,PlayBet,1,PlayBetHomepage,62,newworld,N/A,N/A,,,Unknown,ZA,6457283,2026-05-13,,2026-05-14,,0.00,5.00,0.00,-0.08,-0.05,50.00,0.00,0.00,0.00,,,,,,,0
2026-05-13,2026-05-14,ZAR,1,PlayBet,1,PlayBetHomepage,171,ibetsza,172,DEFAULT,,,Unknown,ZA,6457284,2026-05-13,,2026-05-14,,0.00,23.05,0.00,-0.05,-0.03,50.00,0.00,0.00,0.00,,,,,,,0
2026-05-13,2026-05-14,ZAR,1,PlayBet,1,PlayBetHomepage,171,ibetsza,172,DEFAULT,,,Unknown,ZA,6457288,2026-05-13,,,,0.00,0.00,0.00,0.00,0.00,50.00,0.00,0.00,0.00,,,,,,,0
2026-05-13,2026-05-14,ZAR,1,PlayBet,1,PlayBetHomepage,171,ibetsza,172,DEFAULT,,,Unknown,ZA,6457294,2026-05-13,,2026-05-14,,0.00,715.80,0.00,-660.17,-429.11,50.00,0.00,0.00,0.00,,,,,,,0
2026-05-13,2026-05-14,ZAR,1,PlayBet,1,PlayBetHomepage,62,newworld,179,BETS,,,Unknown,ZA,6457310,2026-05-13,,2026-05-14,,0.00,590.05,0.00,-0.62,-0.40,50.00,0.00,0.00,0.00,,,,,,,0
2026-05-13,2026-05-14,ZAR,1,PlayBet,1,PlayBetHomepage,62,newworld,179,BETS,,,Unknown,ZA,6456608,2026-05-13,,2026-05-14,,0.00,169.65,0.00,-0.02,-0.01,50.00,0.00,0.00,0.00,,,,,,,0
2026-05-13,2026-05-14,ZAR,1,PlayBet,1,PlayBetHomepage,62,newworld,N/A,N/A,,,Unknown,ZA,6457327,2026-05-14,,2026-05-14,,0.00,19.20,0.00,-0.22,-0.14,50.00,0.00,0.00,0.00,,,,,,,0
2026-05-13,2026-05-14,ZAR,1,PlayBet,1,PlayBetHomepage,62,newworld,179,BETS,,,Unknown,ZA,6457329,2026-05-14,,2026-05-14,,0.00,3.20,0.00,-0.03,-0.02,50.00,0.00,0.00,0.00,,,,,,,0
2026-05-13,2026-05-14,ZAR,1,PlayBet,1,PlayBetHomepage,171,ibetsza,172,DEFAULT,,,Unknown,ZA,6457335,2026-05-14,,2026-05-14,,0.00,6.00,0.00,-0.07,-0.05,50.00,0.00,0.00,0.00,,,,,,,0
2026-05-13,2026-05-14,ZAR,1,PlayBet,1,PlayBetHomepage,62,newworld,N/A,N/A,,,Unknown,ZA,6457353,2026-05-14,,2026-05-14,,0.00,17.40,0.00,-0.32,-0.21,50.00,0.00,0.00,0.00,,,,,,,0
2026-05-13,2026-05-14,ZAR,1,PlayBet,1,PlayBetHomepage,62,newworld,179,BETS,,,Unknown,ZA,6457369,2026-05-14,,2026-05-14,,0.00,32.40,0.00,0.00,0.00,50.00,0.00,0.00,0.00,,,,,,,0
2026-05-13,2026-05-14,ZAR,1,PlayBet,1,PlayBetHomepage,62,newworld,179,BETS,,,Unknown,ZA,6457378,2026-05-14,,2026-05-14,,0.00,67.10,0.00,-0.05,-0.03,50.00,0.00,0.00,0.00,,,,,,,0
2026-05-13,2026-05-14,ZAR,1,PlayBet,1,PlayBetHomepage,171,ibetsza,172,DEFAULT,,,Unknown,ZA,6457415,2026-05-14,,2026-05-14,,0.00,34.80,0.00,0.00,0.00,50.00,0.00,0.00,0.00,,,,,,,0
2026-05-13,2026-05-14,ZAR,1,PlayBet,1,PlayBetHomepage,62,newworld,179,BETS,,,Unknown,ZA,6457420,2026-05-14,,2026-05-14,,0.00,75.10,0.00,0.00,0.00,50.00,0.00,0.00,0.00,,,,,,,0
2026-05-13,2026-05-14,ZAR,1,PlayBet,1,PlayBetHomepage,171,ibetsza,172,DEFAULT,,,Unknown,ZA,6457449,2026-05-14,,2026-05-14,,0.00,76.40,0.00,-29.92,-19.45,50.00,0.00,0.00,0.00,,,,,,,0
2026-05-13,2026-05-14,ZAR,1,PlayBet,1,PlayBetHomepage,89,clickbytesolutions1,88,DEFAULT,,,Unknown,ZA,6457528,2026-05-14,,2026-05-14,,0.00,15.80,0.00,-0.19,-0.12,50.00,0.00,0.00,0.00,,,,,,,0
2026-05-13,2026-05-14,ZAR,1,PlayBet,1,PlayBetHomepage,171,ibetsza,172,DEFAULT,,,Unknown,ZA,6457552,2026-05-14,,2026-05-14,,0.00,16.00,0.00,-0.20,-0.13,50.00,0.00,0.00,0.00,,,,,,,0
2026-05-13,2026-05-14,ZAR,1,PlayBet,1,PlayBetHomepage,62,newworld,N/A,N/A,,,Unknown,ZA,6457564,2026-05-14,,,,0.00,0.00,0.00,0.00,0.00,50.00,0.00,0.00,0.00,,,,,,,0
2026-05-13,2026-05-14,ZAR,1,PlayBet,3,PlaybetSignUp,110,woohoo_spinaslots,N/A,N/A,,,Unknown,ZA,6457567,2026-05-14,,,,0.00,0.00,0.00,-3.53,-2.29,50.00,0.00,0.00,0.00,,,,,,,0
2026-05-13,2026-05-14,ZAR,1,PlayBet,1,PlayBetHomepage,62,newworld,N/A,N/A,,,Unknown,ZA,6457574,2026-05-14,,,,0.00,0.00,0.00,0.00,0.00,50.00,0.00,0.00,0.00,,,,,,,0
2026-05-13,2026-05-14,ZAR,1,PlayBet,1,PlayBetHomepage,171,ibetsza,172,DEFAULT,,,Unknown,ZA,6457576,2026-05-14,,2026-05-14,,0.00,3.90,0.00,-0.01,-0.01,50.00,0.00,0.00,0.00,,,,,,,0
2026-05-13,2026-05-14,ZAR,1,PlayBet,1,PlayBetHomepage,171,ibetsza,172,DEFAULT,,,Unknown,ZA,6457585,2026-05-14,,2026-05-14,,0.00,96.04,0.00,-0.04,-0.03,50.00,0.00,0.00,0.00,,,,,,,0
2026-05-13,2026-05-14,ZAR,1,PlayBet,1,PlayBetHomepage,171,ibetsza,172,DEFAULT,,,Unknown,ZA,6457605,2026-05-14,,2026-05-14,,0.00,28.45,0.00,-0.13,-0.08,50.00,0.00,0.00,0.00,,,,,,,0
2026-05-13,2026-05-14,ZAR,1,PlayBet,1,PlayBetHomepage,171,ibetsza,172,DEFAULT,,,Unknown,ZA,6457610,2026-05-14,,2026-05-14,,0.00,204.10,0.00,-0.44,-0.29,50.00,0.00,0.00,0.00,,,,,,,0
2026-05-13,2026-05-14,ZAR,1,PlayBet,1,PlayBetHomepage,171,ibetsza,172,DEFAULT,,,Unknown,ZA,6457624,2026-05-14,,2026-05-14,,0.00,16.70,0.00,-0.05,-0.03,50.00,0.00,0.00,0.00,,,,,,,0
2026-05-13,2026-05-14,ZAR,1,PlayBet,1,PlayBetHomepage,62,newworld,179,BETS,,,Unknown,ZA,6457633,2026-05-14,,2026-05-14,,0.00,5.50,0.00,0.00,0.00,50.00,0.00,0.00,0.00,,,,,,,0
2026-05-13,2026-05-14,ZAR,1,PlayBet,1,PlayBetHomepage,62,newworld,N/A,N/A,,,Unknown,ZA,6457637,2026-05-14,,,,0.00,0.00,0.00,0.00,0.00,50.00,0.00,0.00,0.00,,,,,,,0
2026-05-13,2026-05-14,ZAR,1,PlayBet,1,PlayBetHomepage,171,ibetsza,172,DEFAULT,,,Unknown,ZA,6457644,2026-05-14,,2026-05-14,,0.00,409.00,0.00,-0.05,-0.03,50.00,0.00,0.00,0.00,,,,,,,0
2026-05-13,2026-05-14,ZAR,1,PlayBet,1,PlayBetHomepage,171,ibetsza,172,DEFAULT,,,Unknown,ZA,6457647,2026-05-14,,,,0.00,0.00,0.00,0.00,0.00,50.00,0.00,0.00,0.00,,,,,,,0
2026-05-13,2026-05-14,ZAR,1,PlayBet,1,PlayBetHomepage,103,hotslots,N/A,N/A,,,Unknown,ZA,6457681,2026-05-14,,2026-05-14,,0.00,4.80,0.00,-0.13,-0.08,50.00,-0.03,0.00,-0.03,,,,,,,0
2026-05-13,2026-05-14,ZAR,1,PlayBet,1,PlayBetHomepage,171,ibetsza,172,DEFAULT,,,Unknown,ZA,6457712,2026-05-14,,2026-05-14,,0.00,21.20,0.00,-0.04,-0.03,50.00,0.00,0.00,0.00,,,,,,,0
2026-05-13,2026-05-14,ZAR,1,PlayBet,1,PlayBetHomepage,89,clickbytesolutions1,88,DEFAULT,,,Unknown,ZA,6457715,2026-05-14,,,,0.00,0.00,0.00,0.00,0.00,50.00,0.00,0.00,0.00,,,,,,,0
2026-05-13,2026-05-14,ZAR,1,PlayBet,1,PlayBetHomepage,171,ibetsza,172,DEFAULT,,,Unknown,ZA,6457806,2026-05-14,,2026-05-14,,0.00,29.50,0.00,-0.14,-0.09,50.00,0.00,0.00,0.00,,,,,,,0
2026-05-13,2026-05-14,ZAR,1,PlayBet,1,PlayBetHomepage,62,newworld,179,BETS,,,Unknown,ZA,6457821,2026-05-14,,2026-05-14,,0.00,21.60,0.00,0.00,0.00,50.00,0.00,0.00,0.00,,,,,,,0
2026-05-13,2026-05-14,ZAR,1,PlayBet,1,PlayBetHomepage,62,newworld,179,BETS,,,Unknown,ZA,6457839,2026-05-14,,2026-05-14,,0.00,2.90,0.00,-0.02,-0.01,50.00,0.00,0.00,0.00,,,,,,,0
2026-05-13,2026-05-14,ZAR,1,PlayBet,1,PlayBetHomepage,171,ibetsza,172,DEFAULT,,,Unknown,ZA,6457853,2026-05-14,,2026-05-14,,0.00,6170.25,0.00,-0.03,-0.02,50.00,0.00,0.00,0.00,,,,,,,0
2026-05-13,2026-05-14,ZAR,1,PlayBet,3,PlaybetSignUp,103,hotslots,N/A,N/A,,,Unknown,ZA,6457925,2026-05-14,,2026-05-14,,0.00,22.80,0.00,-7.77,-5.05,50.00,-1.92,0.00,-1.92,,,,3,,,0
2026-05-13,2026-05-14,ZAR,1,PlayBet,1,PlayBetHomepage,171,ibetsza,172,DEFAULT,,,Unknown,ZA,6457934,2026-05-14,2026-05-14,2026-05-14,,10.00,73.80,0.00,9.99,6.49,50.00,2.27,0.00,2.27,,,,,,,0
2026-05-13,2026-05-14,ZAR,1,PlayBet,1,PlayBetHomepage,171,ibetsza,172,DEFAULT,,,Unknown,ZA,6457937,2026-05-14,,2026-05-14,,0.00,34.55,0.00,-0.11,-0.07,50.00,0.00,0.00,0.00,,,,,,,0
2026-05-13,2026-05-14,ZAR,1,PlayBet,1,PlayBetHomepage,171,ibetsza,172,DEFAULT,,,Unknown,ZA,6457972,2026-05-14,,2026-05-14,,0.00,1.60,0.00,-0.11,-0.07,50.00,0.00,0.00,0.00,,,,,,,0
2026-05-13,2026-05-14,ZAR,1,PlayBet,1,PlayBetHomepage,171,ibetsza,172,DEFAULT,,,Unknown,ZA,6457990,2026-05-14,,,,0.00,0.00,0.00,0.00,0.00,50.00,0.00,0.00,0.00,,,,,,,0
2026-05-13,2026-05-14,ZAR,1,PlayBet,1,PlayBetHomepage,171,ibetsza,172,DEFAULT,,,Unknown,ZA,6457997,2026-05-14,,2026-05-14,,0.00,7.95,0.00,0.00,0.00,50.00,0.00,0.00,0.00,,,,,,,0
2026-05-13,2026-05-14,ZAR,1,PlayBet,1,PlayBetHomepage,171,ibetsza,172,DEFAULT,,,Unknown,ZA,6458003,2026-05-14,,2026-05-14,,0.00,1.60,0.00,-0.09,-0.06,50.00,0.00,0.00,0.00,,,,,,,0
2026-05-13,2026-05-14,ZAR,1,PlayBet,1,PlayBetHomepage,62,newworld,N/A,N/A,,,Unknown,ZA,6458036,2026-05-14,,2026-05-14,,0.00,24.25,0.00,-0.15,-0.10,50.00,0.00,0.00,0.00,,,,,,,0
2026-05-13,2026-05-14,ZAR,1,PlayBet,1,PlayBetHomepage,171,ibetsza,172,DEFAULT,,,Unknown,ZA,6458067,2026-05-14,,2026-05-14,,0.00,98.80,0.00,-0.15,-0.10,50.00,0.00,0.00,0.00,,,,,,,0
2026-05-13,2026-05-14,ZAR,1,PlayBet,3,PlaybetSignUp,103,hotslots,N/A,N/A,,,Unknown,ZA,6458080,2026-05-14,,2026-05-14,,0.00,191.60,0.00,-0.07,-0.05,50.00,-0.02,0.00,-0.02,,,,3,,,0
2026-05-13,2026-05-14,ZAR,1,PlayBet,1,PlayBetHomepage,62,newworld,N/A,N/A,,,Unknown,ZA,6458232,2026-05-14,,2026-05-14,,0.00,8.40,0.00,-0.02,-0.01,50.00,0.00,0.00,0.00,,,,,,,0
2026-05-13,2026-05-14,ZAR,1,PlayBet,3,PlaybetSignUp,103,hotslots,N/A,N/A,,,Unknown,ZA,6458300,2026-05-14,2026-05-14,2026-05-14,,95.00,439.55,0.00,94.99,61.74,50.00,23.46,0.00,23.46,,,,3,,,0
2026-05-13,2026-05-14,ZAR,1,PlayBet,1,PlayBetHomepage,171,ibetsza,172,DEFAULT,,,Unknown,ZA,6458303,2026-05-14,,2026-05-14,,0.00,9.70,0.00,-0.07,-0.05,50.00,0.00,0.00,0.00,,,,,,,0
2026-05-13,2026-05-14,ZAR,1,PlayBet,1,PlayBetHomepage,62,newworld,N/A,N/A,,,Unknown,ZA,6458325,2026-05-14,,2026-05-14,,0.00,31.00,0.00,-0.08,-0.05,50.00,0.00,0.00,0.00,,,,,,,0
2026-05-13,2026-05-14,ZAR,1,PlayBet,1,PlayBetHomepage,62,newworld,N/A,N/A,,,Unknown,ZA,6458329,2026-05-14,,2026-05-14,,0.00,8.59,0.00,0.00,0.00,50.00,0.00,0.00,0.00,,,,,,,0
2026-05-13,2026-05-14,ZAR,1,PlayBet,1,PlayBetHomepage,171,ibetsza,172,DEFAULT,,,Unknown,ZA,6458394,2026-05-14,,2026-05-14,,0.00,23.90,0.00,-0.08,-0.05,50.00,0.00,0.00,0.00,,,,,,,0
2026-05-13,2026-05-14,ZAR,1,PlayBet,1,PlayBetHomepage,62,newworld,N/A,N/A,,,Unknown,ZA,6458431,2026-05-14,,2026-05-14,,0.00,15.60,0.00,-0.13,-0.08,50.00,0.00,0.00,0.00,,,,,,,0
2026-05-13,2026-05-14,ZAR,1,PlayBet,1,PlayBetHomepage,171,ibetsza,172,DEFAULT,,,Unknown,ZA,6458448,2026-05-14,,,,0.00,0.00,0.00,0.00,0.00,50.00,0.00,0.00,0.00,,,,,,,0
2026-05-13,2026-05-14,ZAR,1,PlayBet,1,PlayBetHomepage,171,ibetsza,172,DEFAULT,,,Unknown,ZA,6458545,2026-05-14,,,,0.00,0.00,0.00,0.00,0.00,50.00,0.00,0.00,0.00,,,,,,,0
2026-05-13,2026-05-14,ZAR,1,PlayBet,1,PlayBetHomepage,62,newworld,179,BETS,,,Unknown,ZA,6458548,2026-05-14,,2026-05-14,,0.00,1555.70,0.00,-0.09,-0.06,50.00,0.00,0.00,0.00,,,,,,,0
2026-05-13,2026-05-14,ZAR,1,PlayBet,1,PlayBetHomepage,62,newworld,N/A,N/A,,,Unknown,ZA,6458584,2026-05-14,,2026-05-14,,0.00,13.80,0.00,-0.82,-0.53,50.00,0.00,0.00,0.00,,,,,,,0
2026-05-13,2026-05-14,ZAR,1,PlayBet,1,PlayBetHomepage,171,ibetsza,172,DEFAULT,,,Unknown,ZA,6458591,2026-05-14,,2026-05-14,,0.00,17.20,0.00,-0.01,-0.01,50.00,0.00,0.00,0.00,,,,,,,0
2026-05-13,2026-05-14,ZAR,1,PlayBet,1,PlayBetHomepage,171,ibetsza,172,DEFAULT,,,Unknown,ZA,6458619,2026-05-14,,2026-05-14,,0.00,12.30,0.00,-0.02,-0.01,50.00,0.00,0.00,0.00,,,,,,,0
2026-05-13,2026-05-14,ZAR,1,PlayBet,1,PlayBetHomepage,171,ibetsza,172,DEFAULT,,,Unknown,ZA,6458622,2026-05-14,,2026-05-14,,0.00,3.00,0.00,-0.49,-0.32,50.00,0.00,0.00,0.00,,,,,,,0
2026-05-13,2026-05-14,ZAR,1,PlayBet,1,PlayBetHomepage,171,ibetsza,172,DEFAULT,,,Unknown,ZA,6458627,2026-05-14,,2026-05-14,,0.00,1339.40,0.00,-0.41,-0.27,50.00,0.00,0.00,0.00,,,,,,,0
2026-05-13,2026-05-14,ZAR,1,PlayBet,1,PlayBetHomepage,171,ibetsza,172,DEFAULT,,,Unknown,ZA,6458663,2026-05-14,,,,0.00,0.00,0.00,-3.18,-2.07,50.00,0.00,0.00,0.00,,,,,,,0
2026-05-13,2026-05-14,ZAR,1,PlayBet,1,PlayBetHomepage,89,clickbytesolutions1,88,DEFAULT,,,Unknown,ZA,6458699,2026-05-14,,,,0.00,0.00,0.00,0.00,0.00,50.00,0.00,0.00,0.00,,,,,,,0
2026-05-13,2026-05-14,ZAR,1,PlayBet,1,PlayBetHomepage,62,newworld,179,BETS,,,Unknown,ZA,6458703,2026-05-14,,2026-05-14,,0.00,2.10,0.00,-0.01,-0.01,50.00,0.00,0.00,0.00,,,,,,,0
2026-05-13,2026-05-14,ZAR,1,PlayBet,1,PlayBetHomepage,171,ibetsza,172,DEFAULT,,,Unknown,ZA,6458768,2026-05-14,,2026-05-14,,0.00,49.80,0.00,-0.05,-0.03,50.00,0.00,0.00,0.00,,,,,,,0
2026-05-13,2026-05-14,ZAR,1,PlayBet,1,PlayBetHomepage,62,newworld,179,BETS,,,Unknown,ZA,6458776,2026-05-14,,,,0.00,0.00,0.00,0.00,0.00,50.00,0.00,0.00,0.00,,,,,,,0
2026-05-13,2026-05-14,ZAR,1,PlayBet,1,PlayBetHomepage,62,newworld,N/A,N/A,,,Unknown,ZA,6458779,2026-05-14,,,,0.00,0.00,0.00,0.00,0.00,50.00,0.00,0.00,0.00,,,,,,,0
2026-05-13,2026-05-14,ZAR,1,PlayBet,1,PlayBetHomepage,171,ibetsza,172,DEFAULT,,,Unknown,ZA,6458830,2026-05-14,,2026-05-14,,0.00,16.40,0.00,-0.19,-0.12,50.00,0.00,0.00,0.00,,,,,,,0
2026-05-13,2026-05-14,ZAR,1,PlayBet,1,PlayBetHomepage,171,ibetsza,172,DEFAULT,,,Unknown,ZA,6458874,2026-05-14,,,,0.00,0.00,0.00,0.00,0.00,50.00,0.00,0.00,0.00,,,,,,,0
2026-05-13,2026-05-14,ZAR,1,PlayBet,1,PlayBetHomepage,171,ibetsza,172,DEFAULT,,,Unknown,ZA,6458898,2026-05-14,,,,0.00,0.00,0.00,0.00,0.00,50.00,0.00,0.00,0.00,,,,,,,0
2026-05-13,2026-05-14,ZAR,1,PlayBet,1,PlayBetHomepage,171,ibetsza,172,DEFAULT,,,Unknown,ZA,6458900,2026-05-14,,,,0.00,0.00,0.00,0.00,0.00,50.00,0.00,0.00,0.00,,,,,,,0
2026-05-13,2026-05-14,ZAR,1,PlayBet,1,PlayBetHomepage,89,clickbytesolutions1,88,DEFAULT,,,Unknown,ZA,6458904,2026-05-14,,,,0.00,0.00,0.00,0.00,0.00,50.00,0.00,0.00,0.00,,,,,,,0
2026-05-13,2026-05-14,ZAR,1,PlayBet,1,PlayBetHomepage,171,ibetsza,172,DEFAULT,,,Unknown,ZA,6458961,2026-05-14,,2026-05-14,,0.00,45.69,0.00,0.00,0.00,50.00,0.00,0.00,0.00,,,,,,,0
2026-05-13,2026-05-14,ZAR,1,PlayBet,1,PlayBetHomepage,171,ibetsza,172,DEFAULT,,,Unknown,ZA,6458999,2026-05-14,,2026-05-14,,0.00,37.60,0.00,-0.21,-0.14,50.00,0.00,0.00,0.00,,,,,,,0
2026-05-13,2026-05-14,ZAR,1,PlayBet,1,PlayBetHomepage,62,newworld,179,BETS,,,Unknown,ZA,6459184,2026-05-14,,2026-05-14,,0.00,14.40,0.00,-1.94,-1.26,50.00,0.00,0.00,0.00,,,,,,,0
2026-05-13,2026-05-14,ZAR,1,PlayBet,1,PlayBetHomepage,62,newworld,N/A,N/A,,,Unknown,ZA,6459210,2026-05-14,,2026-05-14,,0.00,9.80,0.00,-0.08,-0.05,50.00,0.00,0.00,0.00,,,,,,,0
2026-05-13,2026-05-14,ZAR,1,PlayBet,1,PlayBetHomepage,171,ibetsza,172,DEFAULT,,,Unknown,ZA,6459235,2026-05-14,,2026-05-14,,0.00,55.20,0.00,-0.19,-0.12,50.00,0.00,0.00,0.00,,,,,,,0
2026-05-13,2026-05-14,ZAR,1,PlayBet,1,PlayBetHomepage,171,ibetsza,172,DEFAULT,,,Unknown,ZA,6459357,2026-05-14,,2026-05-14,,0.00,57.20,0.00,0.00,0.00,50.00,0.00,0.00,0.00,,,,,,,0
2026-05-13,2026-05-14,ZAR,1,PlayBet,1,PlayBetHomepage,171,ibetsza,172,DEFAULT,,,Unknown,ZA,6459372,2026-05-14,,2026-05-14,,0.00,26.60,0.00,-0.17,-0.11,50.00,0.00,0.00,0.00,,,,,,,0
2026-05-13,2026-05-14,ZAR,1,PlayBet,1,PlayBetHomepage,171,ibetsza,172,DEFAULT,,,Unknown,ZA,6459378,2026-05-14,,,,0.00,0.00,0.00,0.00,0.00,50.00,0.00,0.00,0.00,,,,,,,0
2026-05-13,2026-05-14,ZAR,1,PlayBet,1,PlayBetHomepage,89,clickbytesolutions1,88,DEFAULT,,,Unknown,ZA,6459386,2026-05-14,,2026-05-14,,0.00,3.00,0.00,-0.62,-0.40,50.00,0.00,0.00,0.00,,,,,,,0
2026-05-13,2026-05-14,ZAR,1,PlayBet,1,PlayBetHomepage,171,ibetsza,172,DEFAULT,,,Unknown,ZA,6459408,2026-05-14,,2026-05-14,,0.00,10.50,0.00,-0.02,-0.01,50.00,0.00,0.00,0.00,,,,,,,0
2026-05-13,2026-05-14,ZAR,1,PlayBet,1,PlayBetHomepage,62,newworld,179,BETS,,,Unknown,ZA,6459422,2026-05-14,,,,0.00,0.00,0.00,-10.36,-6.73,50.00,0.00,0.00,0.00,,,,,,,0
2026-05-13,2026-05-14,ZAR,1,PlayBet,3,PlaybetSignUp,103,hotslots,N/A,N/A,,,Unknown,ZA,6459430,2026-05-14,,2026-05-14,,0.00,9.75,0.00,-0.04,-0.03,50.00,-0.01,0.00,-0.01,,,,3,,,0
2026-05-13,2026-05-14,ZAR,1,PlayBet,1,PlayBetHomepage,171,ibetsza,172,DEFAULT,,,Unknown,ZA,6459435,2026-05-14,,2026-05-14,,0.00,1421.90,0.00,-0.04,-0.03,50.00,0.00,0.00,0.00,,,,,,,0
2026-05-13,2026-05-14,ZAR,1,PlayBet,1,PlayBetHomepage,62,newworld,N/A,N/A,,,Unknown,ZA,6459481,2026-05-14,,2026-05-14,,0.00,200.50,0.00,-0.14,-0.09,50.00,0.00,0.00,0.00,,,,,,,0
2026-05-13,2026-05-14,ZAR,1,PlayBet,1,PlayBetHomepage,89,clickbytesolutions1,88,DEFAULT,,,Unknown,ZA,6459483,2026-05-14,,2026-05-14,,0.00,24.70,0.00,-0.11,-0.07,50.00,0.00,0.00,0.00,,,,,,,0
2026-05-13,2026-05-14,ZAR,1,PlayBet,1,PlayBetHomepage,62,newworld,N/A,N/A,,,Unknown,ZA,6459504,2026-05-14,,,,0.00,0.00,0.00,0.00,0.00,50.00,0.00,0.00,0.00,,,,,,,0
2026-05-13,2026-05-14,ZAR,1,PlayBet,1,PlayBetHomepage,171,ibetsza,172,DEFAULT,,,Unknown,ZA,6459559,2026-05-14,,2026-05-14,,0.00,12.20,0.00,-0.13,-0.08,50.00,0.00,0.00,0.00,,,,,,,0
2026-05-13,2026-05-14,ZAR,1,PlayBet,1,PlayBetHomepage,171,ibetsza,172,DEFAULT,,,Unknown,ZA,6459565,2026-05-14,,2026-05-14,,0.00,278.10,0.00,-0.99,-0.64,50.00,0.00,0.00,0.00,,,,,,,0
2026-05-13,2026-05-14,ZAR,1,PlayBet,1,PlayBetHomepage,62,newworld,N/A,N/A,,,Unknown,ZA,6459568,2026-05-14,,,,0.00,0.00,0.00,0.00,0.00,50.00,0.00,0.00,0.00,,,,,,,0
2026-05-13,2026-05-14,ZAR,1,PlayBet,1,PlayBetHomepage,171,ibetsza,172,DEFAULT,,,Unknown,ZA,6459585,2026-05-14,,2026-05-14,,0.00,5.85,0.00,-0.32,-0.21,50.00,0.00,0.00,0.00,,,,,,,0
2026-05-13,2026-05-14,ZAR,1,PlayBet,1,PlayBetHomepage,119,fzevgolis,N/A,N/A,,,Unknown,ZA,6459594,2026-05-14,,,,0.00,0.00,0.00,0.00,0.00,50.00,0.00,0.00,0.00,,,,,,,0
2026-05-13,2026-05-14,ZAR,1,PlayBet,1,PlayBetHomepage,62,newworld,179,BETS,,,Unknown,ZA,6459630,2026-05-14,,,,0.00,0.00,0.00,0.00,0.00,50.00,0.00,0.00,0.00,,,,,,,0
2026-05-13,2026-05-14,ZAR,1,PlayBet,1,PlayBetHomepage,171,ibetsza,172,DEFAULT,,,Unknown,ZA,6459661,2026-05-14,,,,0.00,0.00,0.00,0.00,0.00,50.00,0.00,0.00,0.00,,,,,,,0
2026-05-13,2026-05-14,ZAR,1,PlayBet,1,PlayBetHomepage,171,ibetsza,172,DEFAULT,,,Unknown,ZA,6459673,2026-05-14,,2026-05-14,,0.00,5.00,0.00,-0.06,-0.04,50.00,0.00,0.00,0.00,,,,,,,0
2026-05-13,2026-05-14,ZAR,1,PlayBet,1,PlayBetHomepage,171,ibetsza,172,DEFAULT,,,Unknown,ZA,6459699,2026-05-14,,,,0.00,0.00,0.00,0.00,0.00,50.00,0.00,0.00,0.00,,,,,,,0
2026-05-13,2026-05-14,ZAR,1,PlayBet,1,PlayBetHomepage,62,newworld,N/A,N/A,,,Unknown,ZA,6459775,2026-05-14,,2026-05-14,,0.00,5.00,0.00,-0.19,-0.12,50.00,0.00,0.00,0.00,,,,,,,0
2026-05-13,2026-05-14,ZAR,1,PlayBet,1,PlayBetHomepage,171,ibetsza,172,DEFAULT,,,Unknown,ZA,6459779,2026-05-14,,2026-05-14,,0.00,107.70,0.00,-11.20,-7.28,50.00,0.00,0.00,0.00,,,,,,,0
2026-05-13,2026-05-14,ZAR,1,PlayBet,1,PlayBetHomepage,62,newworld,N/A,N/A,,,Unknown,ZA,6459846,2026-05-14,,,,0.00,0.00,0.00,0.00,0.00,50.00,0.00,0.00,0.00,,,,,,,0
2026-05-13,2026-05-14,ZAR,1,PlayBet,1,PlayBetHomepage,171,ibetsza,172,DEFAULT,,,Unknown,ZA,6459888,2026-05-14,,2026-05-14,,0.00,49.30,0.00,0.00,0.00,50.00,0.00,0.00,0.00,,,,,,,0
2026-05-13,2026-05-14,ZAR,1,PlayBet,1,PlayBetHomepage,171,ibetsza,172,DEFAULT,,,Unknown,ZA,6460036,2026-05-14,,2026-05-14,,0.00,189.20,0.00,-0.03,-0.02,50.00,0.00,0.00,0.00,,,,,,,0
2026-05-13,2026-05-14,ZAR,1,PlayBet,1,PlayBetHomepage,62,newworld,N/A,N/A,,,Unknown,ZA,6460046,2026-05-14,,2026-05-14,,0.00,11.30,0.00,-0.04,-0.03,50.00,0.00,0.00,0.00,,,,,,,0
2026-05-13,2026-05-14,ZAR,1,PlayBet,1,PlayBetHomepage,171,ibetsza,172,DEFAULT,,,Unknown,ZA,6460070,2026-05-14,,2026-05-14,,0.00,11.60,0.00,-0.14,-0.09,50.00,0.00,0.00,0.00,,,,,,,0
2026-05-13,2026-05-14,ZAR,1,PlayBet,1,PlayBetHomepage,171,ibetsza,172,DEFAULT,,,Unknown,ZA,6460094,2026-05-14,,2026-05-14,,0.00,77.95,0.00,-49.68,-32.29,50.00,0.00,0.00,0.00,,,,,,,0
2026-05-13,2026-05-14,ZAR,1,PlayBet,1,PlayBetHomepage,62,newworld,179,BETS,,,Unknown,ZA,6460191,2026-05-14,,,,0.00,0.00,0.00,0.00,0.00,50.00,0.00,0.00,0.00,,,,,,,0
2026-05-13,2026-05-14,ZAR,1,PlayBet,1,PlayBetHomepage,171,ibetsza,172,DEFAULT,,,Unknown,ZA,6460242,2026-05-14,,2026-05-14,,0.00,8.60,0.00,-0.19,-0.12,50.00,0.00,0.00,0.00,,,,,,,0
2026-05-13,2026-05-14,ZAR,1,PlayBet,1,PlayBetHomepage,171,ibetsza,172,DEFAULT,,,Unknown,ZA,6460251,2026-05-14,,2026-05-14,,0.00,12.00,0.00,-0.37,-0.24,50.00,0.00,0.00,0.00,,,,,,,0
2026-05-13,2026-05-14,ZAR,1,PlayBet,1,PlayBetHomepage,171,ibetsza,172,DEFAULT,,,Unknown,ZA,6460297,2026-05-14,,2026-05-14,,0.00,3.90,0.00,-0.07,-0.05,50.00,0.00,0.00,0.00,,,,,,,0
2026-05-13,2026-05-14,ZAR,1,PlayBet,1,PlayBetHomepage,171,ibetsza,172,DEFAULT,,,Unknown,ZA,6460374,2026-05-14,,2026-05-14,,0.00,5.10,0.00,-0.10,-0.06,50.00,0.00,0.00,0.00,,,,,,,0
2026-05-13,2026-05-14,ZAR,1,PlayBet,3,PlaybetSignUp,110,woohoo_spinaslots,N/A,N/A,,,Unknown,ZA,6460376,2026-05-14,,,,0.00,0.00,0.00,0.00,0.00,50.00,0.00,0.00,0.00,,,,,,,0
2026-05-13,2026-05-14,ZAR,1,PlayBet,3,PlaybetSignUp,103,hotslots,N/A,N/A,,,Unknown,ZA,6460474,2026-05-14,,2026-05-14,,0.00,9.80,0.00,-0.14,-0.09,50.00,-0.03,0.00,-0.03,,,,2,,,0
2026-05-13,2026-05-14,ZAR,1,PlayBet,1,PlayBetHomepage,62,newworld,179,BETS,,,Unknown,ZA,6460490,2026-05-14,,2026-05-14,,0.00,23.85,0.00,-0.05,-0.03,50.00,0.00,0.00,0.00,,,,,,,0
2026-05-13,2026-05-14,ZAR,1,PlayBet,1,PlayBetHomepage,62,newworld,179,BETS,,,Unknown,ZA,6460501,2026-05-14,,2026-05-14,,0.00,124.20,0.00,-0.05,-0.03,50.00,0.00,0.00,0.00,,,,,,,0
2026-05-13,2026-05-14,ZAR,1,PlayBet,3,PlaybetSignUp,103,hotslots,N/A,N/A,,,Unknown,ZA,6460561,2026-05-14,,2026-05-14,,0.00,30.60,0.00,-0.13,-0.08,50.00,-0.03,0.00,-0.03,,,,3,,,0
2026-05-13,2026-05-14,ZAR,1,PlayBet,1,PlayBetHomepage,62,newworld,N/A,N/A,,,Unknown,ZA,6460594,2026-05-14,,2026-05-14,,0.00,19.00,0.00,0.00,0.00,50.00,0.00,0.00,0.00,,,,,,,0
2026-05-13,2026-05-14,ZAR,1,PlayBet,1,PlayBetHomepage,171,ibetsza,172,DEFAULT,,,Unknown,ZA,6460610,2026-05-14,,2026-05-14,,0.00,8.40,0.00,-0.06,-0.04,50.00,0.00,0.00,0.00,,,,,,,0
2026-05-13,2026-05-14,ZAR,1,PlayBet,1,PlayBetHomepage,171,ibetsza,172,DEFAULT,,,Unknown,ZA,6460616,2026-05-14,,,,0.00,0.00,0.00,0.00,0.00,50.00,0.00,0.00,0.00,,,,,,,0
2026-05-13,2026-05-14,ZAR,1,PlayBet,1,PlayBetHomepage,171,ibetsza,172,DEFAULT,,,Unknown,ZA,6460633,2026-05-14,,2026-05-14,,0.00,16.60,0.00,-0.08,-0.05,50.00,0.00,0.00,0.00,,,,,,,0
2026-05-13,2026-05-14,ZAR,1,PlayBet,3,PlaybetSignUp,103,hotslots,N/A,N/A,,,Unknown,ZA,6460682,2026-05-14,,2026-05-14,,0.00,13.20,0.00,-0.17,-0.11,50.00,-0.04,0.00,-0.04,,,,2,,,0
2026-05-13,2026-05-14,ZAR,1,PlayBet,1,PlayBetHomepage,62,newworld,N/A,N/A,,,Unknown,ZA,6460695,2026-05-14,,,,0.00,0.00,0.00,0.00,0.00,50.00,0.00,0.00,0.00,,,,,,,0
2026-05-13,2026-05-14,ZAR,1,PlayBet,1,PlayBetHomepage,171,ibetsza,172,DEFAULT,,,Unknown,ZA,6460704,2026-05-14,,2026-05-14,,0.00,15.00,0.00,-0.81,-0.53,50.00,0.00,0.00,0.00,,,,,,,0
2026-05-13,2026-05-14,ZAR,1,PlayBet,1,PlayBetHomepage,62,newworld,179,BETS,,,Unknown,ZA,6460741,2026-05-14,,2026-05-14,,0.00,111.55,0.00,0.00,0.00,50.00,0.00,0.00,0.00,,,,,,,0
2026-05-13,2026-05-14,ZAR,1,PlayBet,1,PlayBetHomepage,62,newworld,N/A,N/A,,,Unknown,ZA,6460755,2026-05-14,2026-05-14,2026-05-14,,30.00,157.90,0.00,-107.58,-69.93,50.00,-24.48,0.00,-24.48,,,,,,,0
2026-05-13,2026-05-14,ZAR,1,PlayBet,1,PlayBetHomepage,171,ibetsza,172,DEFAULT,,,Unknown,ZA,6460772,2026-05-14,,,,0.00,0.00,0.00,0.00,0.00,50.00,0.00,0.00,0.00,,,,,,,0
2026-05-13,2026-05-14,ZAR,1,PlayBet,1,PlayBetHomepage,171,ibetsza,172,DEFAULT,,,Unknown,ZA,6460786,2026-05-14,,2026-05-14,,0.00,9.20,0.00,-0.19,-0.12,50.00,0.00,0.00,0.00,,,,,,,0
2026-05-13,2026-05-14,ZAR,1,PlayBet,1,PlayBetHomepage,171,ibetsza,172,DEFAULT,,,Unknown,ZA,6460878,2026-05-14,,,,0.00,0.00,0.00,0.00,0.00,50.00,0.00,0.00,0.00,,,,,,,0
2026-05-13,2026-05-14,ZAR,1,PlayBet,1,PlayBetHomepage,171,ibetsza,172,DEFAULT,,,Unknown,ZA,6460929,2026-05-14,,2026-05-14,,0.00,5.60,0.00,-0.17,-0.11,50.00,0.00,0.00,0.00,,,,,,,0
2026-05-13,2026-05-14,ZAR,1,PlayBet,1,PlayBetHomepage,62,newworld,N/A,N/A,,,Unknown,ZA,6460970,2026-05-14,,,,0.00,0.00,0.00,0.00,0.00,50.00,0.00,0.00,0.00,,,,,,,0
2026-05-13,2026-05-14,ZAR,1,PlayBet,3,PlaybetSignUp,110,woohoo_spinaslots,N/A,N/A,,,Unknown,ZA,6461035,2026-05-14,,,,0.00,0.00,0.00,0.00,0.00,50.00,0.00,0.00,0.00,,,,,,,0
2026-05-13,2026-05-14,ZAR,1,PlayBet,1,PlayBetHomepage,62,newworld,N/A,N/A,,,Unknown,ZA,6461040,2026-05-14,,2026-05-14,,0.00,7.85,0.00,0.00,0.00,50.00,0.00,0.00,0.00,,,,,,,0
2026-05-13,2026-05-14,ZAR,1,PlayBet,1,PlayBetHomepage,171,ibetsza,172,DEFAULT,,,Unknown,ZA,6461097,2026-05-14,,,,0.00,0.00,0.00,0.00,0.00,50.00,0.00,0.00,0.00,,,,,,,0
2026-05-13,2026-05-14,ZAR,1,PlayBet,1,PlayBetHomepage,62,newworld,179,BETS,,,Unknown,ZA,6461103,2026-05-14,,2026-05-14,,0.00,96.70,0.00,0.00,0.00,50.00,0.00,0.00,0.00,,,,,,,0
2026-05-13,2026-05-14,ZAR,1,PlayBet,1,PlayBetHomepage,171,ibetsza,172,DEFAULT,,,Unknown,ZA,6461109,2026-05-14,,2026-05-14,,0.00,26.00,0.00,-0.06,-0.04,50.00,0.00,0.00,0.00,,,,,,,0
2026-05-13,2026-05-14,ZAR,1,PlayBet,3,PlaybetSignUp,103,hotslots,N/A,N/A,,,Unknown,ZA,6461142,2026-05-14,,2026-05-14,,0.00,12.15,0.00,0.00,0.00,50.00,0.00,0.00,0.00,,,,2,,,0
2026-05-13,2026-05-14,ZAR,1,PlayBet,1,PlayBetHomepage,89,clickbytesolutions1,88,DEFAULT,,,Unknown,ZA,6461304,2026-05-14,,,,0.00,0.00,0.00,0.00,0.00,50.00,0.00,0.00,0.00,,,,,,,0
2026-05-13,2026-05-14,ZAR,1,PlayBet,1,PlayBetHomepage,62,newworld,179,BETS,,,Unknown,ZA,6461313,2026-05-14,,2026-05-14,,0.00,14.60,0.00,-0.01,-0.01,50.00,0.00,0.00,0.00,,,,,,,0
2026-05-13,2026-05-14,ZAR,1,PlayBet,1,PlayBetHomepage,62,newworld,179,BETS,,,Unknown,ZA,6461368,2026-05-14,,2026-05-14,,0.00,7.75,0.00,-4.71,-3.06,50.00,0.00,0.00,0.00,,,,,,,0
2026-05-13,2026-05-14,ZAR,1,PlayBet,3,PlaybetSignUp,103,hotslots,N/A,N/A,,,Unknown,ZA,6461405,2026-05-14,,2026-05-14,,0.00,8.20,0.00,-0.07,-0.05,50.00,-0.02,0.00,-0.02,,,,3,,,0
2026-05-13,2026-05-14,ZAR,1,PlayBet,1,PlayBetHomepage,171,ibetsza,172,DEFAULT,,,Unknown,ZA,6461407,2026-05-14,,,,0.00,0.00,0.00,0.00,0.00,50.00,0.00,0.00,0.00,,,,,,,0
2026-05-13,2026-05-14,ZAR,1,PlayBet,3,PlaybetSignUp,103,hotslots,N/A,N/A,,,Unknown,ZA,6461444,2026-05-14,,,,0.00,0.00,0.00,0.00,0.00,50.00,0.00,0.00,0.00,,,,2,,,0
2026-05-13,2026-05-14,ZAR,1,PlayBet,3,PlaybetSignUp,103,hotslots,N/A,N/A,,,Unknown,ZA,6461486,2026-05-14,,,,0.00,0.00,0.00,0.00,0.00,50.00,0.00,0.00,0.00,,,,2,,,0
2026-05-13,2026-05-14,ZAR,1,PlayBet,3,PlaybetSignUp,103,hotslots,N/A,N/A,,,Unknown,ZA,6461504,2026-05-14,,,,0.00,0.00,0.00,0.00,0.00,50.00,0.00,0.00,0.00,,,,3,,,0
2026-05-13,2026-05-14,ZAR,1,PlayBet,1,PlayBetHomepage,171,ibetsza,172,DEFAULT,,,Unknown,ZA,6461506,2026-05-14,,2026-05-14,,0.00,22.50,0.00,-21.14,-13.74,50.00,0.00,0.00,0.00,,,,,,,0
2026-05-13,2026-05-14,ZAR,1,PlayBet,1,PlayBetHomepage,171,ibetsza,172,DEFAULT,,,Unknown,ZA,6461516,2026-05-14,,,,0.00,0.00,0.00,0.00,0.00,50.00,0.00,0.00,0.00,,,,,,,0
2026-05-13,2026-05-14,ZAR,1,PlayBet,1,PlayBetHomepage,89,clickbytesolutions1,88,DEFAULT,,,Unknown,ZA,6461531,2026-05-14,,,,0.00,0.00,0.00,0.00,0.00,50.00,0.00,0.00,0.00,,,,,,,0
2026-05-13,2026-05-14,ZAR,1,PlayBet,1,PlayBetHomepage,171,ibetsza,172,DEFAULT,,,Unknown,ZA,6461550,2026-05-14,,2026-05-14,,0.00,48.15,0.00,-0.15,-0.10,50.00,0.00,0.00,0.00,,,,,,,0
2026-05-13,2026-05-14,ZAR,1,PlayBet,1,PlayBetHomepage,62,newworld,179,BETS,,,Unknown,ZA,6461592,2026-05-14,,2026-05-14,,0.00,18.45,0.00,-1.24,-0.81,50.00,0.00,0.00,0.00,,,,,,,0
2026-05-13,2026-05-14,ZAR,1,PlayBet,1,PlayBetHomepage,171,ibetsza,172,DEFAULT,,,Unknown,ZA,6461605,2026-05-14,,2026-05-14,,0.00,1.20,0.00,-0.13,-0.08,50.00,0.00,0.00,0.00,,,,,,,0
2026-05-13,2026-05-14,ZAR,1,PlayBet,1,PlayBetHomepage,171,ibetsza,172,DEFAULT,,,Unknown,ZA,6461615,2026-05-14,,2026-05-14,,0.00,9.60,0.00,-0.02,-0.01,50.00,0.00,0.00,0.00,,,,,,,0
2026-05-13,2026-05-14,ZAR,1,PlayBet,1,PlayBetHomepage,171,ibetsza,172,DEFAULT,,,Unknown,ZA,6461652,2026-05-14,,2026-05-14,,0.00,7.80,0.00,-1.05,-0.68,50.00,0.00,0.00,0.00,,,,,,,0
2026-05-13,2026-05-14,ZAR,1,PlayBet,1,PlayBetHomepage,171,ibetsza,172,DEFAULT,,,Unknown,ZA,6461676,2026-05-14,,2026-05-14,,0.00,88.10,0.00,-0.08,-0.05,50.00,0.00,0.00,0.00,,,,,,,0
2026-05-13,2026-05-14,ZAR,1,PlayBet,1,PlayBetHomepage,171,ibetsza,172,DEFAULT,,,Unknown,ZA,6461752,2026-05-14,,,,0.00,0.00,0.00,0.00,0.00,50.00,0.00,0.00,0.00,,,,,,,0
2026-05-13,2026-05-14,ZAR,1,PlayBet,1,PlayBetHomepage,62,newworld,179,BETS,,,Unknown,ZA,6461769,2026-05-14,,,,0.00,0.00,0.00,-1.07,-0.70,50.00,0.00,0.00,0.00,,,,,,,0
2026-05-13,2026-05-14,ZAR,1,PlayBet,1,PlayBetHomepage,171,ibetsza,172,DEFAULT,,,Unknown,ZA,6461778,2026-05-14,,,,0.00,0.00,0.00,0.00,0.00,50.00,0.00,0.00,0.00,,,,,,,0
2026-05-13,2026-05-14,ZAR,1,PlayBet,1,PlayBetHomepage,62,newworld,179,BETS,,,Unknown,ZA,6461785,2026-05-14,,,,0.00,0.00,0.00,0.00,0.00,50.00,0.00,0.00,0.00,,,,,,,0
2026-05-13,2026-05-14,ZAR,1,PlayBet,1,PlayBetHomepage,89,clickbytesolutions1,88,DEFAULT,,,Unknown,ZA,6461835,2026-05-14,2026-05-14,2026-05-14,,70.00,100.63,0.00,69.66,45.28,50.00,11.32,0.00,11.32,,,,,,,0
2026-05-13,2026-05-14,ZAR,1,PlayBet,1,PlayBetHomepage,171,ibetsza,172,DEFAULT,,,Unknown,ZA,6461841,2026-05-14,,2026-05-14,,0.00,30.40,0.00,-0.02,-0.01,50.00,0.00,0.00,0.00,,,,,,,0
2026-05-13,2026-05-14,ZAR,1,PlayBet,3,PlaybetSignUp,103,hotslots,N/A,N/A,,,Unknown,ZA,6461849,2026-05-14,,,,0.00,0.00,0.00,0.00,0.00,50.00,0.00,0.00,0.00,,,,2,,,0
2026-05-13,2026-05-14,ZAR,1,PlayBet,1,PlayBetHomepage,171,ibetsza,172,DEFAULT,,,Unknown,ZA,6461856,2026-05-14,,,,0.00,0.00,0.00,0.00,0.00,50.00,0.00,0.00,0.00,,,,,,,0
2026-05-13,2026-05-14,ZAR,1,PlayBet,1,PlayBetHomepage,62,newworld,N/A,N/A,,,Unknown,ZA,6461927,2026-05-14,,2026-05-14,,0.00,200.90,0.00,-0.09,-0.06,50.00,0.00,0.00,0.00,,,,,,,0
2026-05-13,2026-05-14,ZAR,1,PlayBet,1,PlayBetHomepage,89,clickbytesolutions1,88,DEFAULT,,,Unknown,ZA,6462066,2026-05-14,,2026-05-14,,0.00,9.80,0.00,-0.02,-0.01,50.00,0.00,0.00,0.00,,,,,,,0
2026-05-13,2026-05-14,ZAR,1,PlayBet,1,PlayBetHomepage,171,ibetsza,172,DEFAULT,,,Unknown,ZA,6462173,2026-05-14,,2026-05-14,,0.00,10.00,0.00,-0.12,-0.08,50.00,0.00,0.00,0.00,,,,,,,0
2026-05-13,2026-05-14,ZAR,1,PlayBet,1,PlayBetHomepage,62,newworld,N/A,N/A,,,Unknown,ZA,6462238,2026-05-14,,2026-05-14,,0.00,272.00,0.00,-79.25,-51.51,50.00,0.00,0.00,0.00,,,,,,,0
2026-05-13,2026-05-14,ZAR,1,PlayBet,1,PlayBetHomepage,62,newworld,179,BETS,,,Unknown,ZA,6462259,2026-05-14,,2026-05-14,,0.00,6.90,0.00,-0.16,-0.10,50.00,0.00,0.00,0.00,,,,,,,0
2026-05-13,2026-05-14,ZAR,1,PlayBet,1,PlayBetHomepage,89,clickbytesolutions1,88,DEFAULT,,,Unknown,ZA,6462317,2026-05-14,,2026-05-14,,0.00,11.00,0.00,-2.80,-1.82,50.00,0.00,0.00,0.00,,,,,,,0
2026-05-13,2026-05-14,ZAR,1,PlayBet,3,PlaybetSignUp,110,woohoo_spinaslots,N/A,N/A,,,Unknown,ZA,6462320,2026-05-14,,,,0.00,0.00,0.00,0.00,0.00,50.00,0.00,0.00,0.00,,,,,,,0
2026-05-13,2026-05-14,ZAR,1,PlayBet,3,PlaybetSignUp,103,hotslots,N/A,N/A,,,Unknown,ZA,6462357,2026-05-14,,,,0.00,0.00,0.00,0.00,0.00,50.00,0.00,0.00,0.00,,,,3,,,0
2026-05-13,2026-05-14,ZAR,1,PlayBet,1,PlayBetHomepage,40,woohoo,N/A,N/A,,,Unknown,ZA,6462371,2026-05-14,,,,0.00,0.00,0.00,0.00,0.00,50.00,0.00,0.00,0.00,,,,bw,,,0
2026-05-13,2026-05-14,ZAR,1,PlayBet,1,PlayBetHomepage,171,ibetsza,172,DEFAULT,,,Unknown,ZA,6462376,2026-05-14,,,,0.00,0.00,0.00,0.00,0.00,50.00,0.00,0.00,0.00,,,,,,,0
2026-05-13,2026-05-14,ZAR,1,PlayBet,3,PlaybetSignUp,103,hotslots,N/A,N/A,,,Unknown,ZA,6462395,2026-05-14,,2026-05-14,,0.00,22.75,0.00,-0.04,-0.03,50.00,-0.01,0.00,-0.01,,,,3,,,0
2026-05-13,2026-05-14,ZAR,1,PlayBet,1,PlayBetHomepage,171,ibetsza,172,DEFAULT,,,Unknown,ZA,6462416,2026-05-14,,2026-05-14,,0.00,3.60,0.00,-0.03,-0.02,50.00,0.00,0.00,0.00,,,,,,,0
2026-05-13,2026-05-14,ZAR,1,PlayBet,1,PlayBetHomepage,171,ibetsza,172,DEFAULT,,,Unknown,ZA,6462490,2026-05-14,,2026-05-14,,0.00,114.10,0.00,-0.02,-0.01,50.00,0.00,0.00,0.00,,,,,,,0
2026-05-13,2026-05-14,ZAR,1,PlayBet,1,PlayBetHomepage,171,ibetsza,172,DEFAULT,,,Unknown,ZA,6462564,2026-05-14,,2026-05-14,,0.00,6.80,0.00,-0.06,-0.04,50.00,0.00,0.00,0.00,,,,,,,0
2026-05-13,2026-05-14,ZAR,1,PlayBet,3,PlaybetSignUp,103,hotslots,N/A,N/A,,,Unknown,ZA,6462581,2026-05-14,,,,0.00,0.00,0.00,0.00,0.00,50.00,0.00,0.00,0.00,,,,2,,,0
2026-05-13,2026-05-14,ZAR,1,PlayBet,1,PlayBetHomepage,171,ibetsza,172,DEFAULT,,,Unknown,ZA,6462585,2026-05-14,,,,0.00,0.00,0.00,0.00,0.00,50.00,0.00,0.00,0.00,,,,,,,0
2026-05-13,2026-05-14,ZAR,1,PlayBet,1,PlayBetHomepage,62,newworld,N/A,N/A,,,Unknown,ZA,6462631,2026-05-14,,,,0.00,0.00,0.00,0.00,0.00,50.00,0.00,0.00,0.00,,,,,,,0
2026-05-13,2026-05-14,ZAR,1,PlayBet,1,PlayBetHomepage,62,newworld,N/A,N/A,,,Unknown,ZA,6462674,2026-05-14,,,,0.00,0.00,0.00,0.00,0.00,50.00,0.00,0.00,0.00,,,,,,,0
2026-05-13,2026-05-14,ZAR,1,PlayBet,1,PlayBetHomepage,89,clickbytesolutions1,88,DEFAULT,,,Unknown,ZA,6462720,2026-05-14,,2026-05-14,,0.00,25.50,0.00,-0.05,-0.03,50.00,0.00,0.00,0.00,,,,,,,0
2026-05-13,2026-05-14,ZAR,1,PlayBet,1,PlayBetHomepage,171,ibetsza,172,DEFAULT,,,Unknown,ZA,6462740,2026-05-14,,2026-05-14,,0.00,12.80,0.00,-0.21,-0.14,50.00,0.00,0.00,0.00,,,,,,,0
2026-05-13,2026-05-14,ZAR,1,PlayBet,1,PlayBetHomepage,171,ibetsza,172,DEFAULT,,,Unknown,ZA,6462775,2026-05-14,,2026-05-14,,0.00,7.20,0.00,-0.13,-0.08,50.00,0.00,0.00,0.00,,,,,,,0
2026-05-13,2026-05-14,ZAR,1,PlayBet,1,PlayBetHomepage,171,ibetsza,172,DEFAULT,,,Unknown,ZA,6462796,2026-05-14,,2026-05-14,,0.00,11.57,0.00,-0.02,-0.01,50.00,0.00,0.00,0.00,,,,,,,0
2026-05-13,2026-05-14,ZAR,1,PlayBet,3,PlaybetSignUp,103,hotslots,N/A,N/A,,,Unknown,ZA,6462801,2026-05-14,,2026-05-14,,0.00,11.30,0.00,-0.05,-0.03,50.00,-0.01,0.00,-0.01,,,,2,,,0
2026-05-13,2026-05-14,ZAR,1,PlayBet,1,PlayBetHomepage,62,newworld,179,BETS,,,Unknown,ZA,6462852,2026-05-14,,,,0.00,0.00,0.00,-5.39,-3.50,50.00,0.00,0.00,0.00,,,,,,,0
2026-05-13,2026-05-14,ZAR,1,PlayBet,1,PlayBetHomepage,171,ibetsza,172,DEFAULT,,,Unknown,ZA,6462882,2026-05-14,,2026-05-14,,0.00,8.70,0.00,-0.02,-0.01,50.00,0.00,0.00,0.00,,,,,,,0
2026-05-13,2026-05-14,ZAR,1,PlayBet,1,PlayBetHomepage,62,newworld,N/A,N/A,,,Unknown,ZA,6462911,2026-05-14,,,,0.00,0.00,0.00,0.00,0.00,50.00,0.00,0.00,0.00,,,,,,,0
2026-05-13,2026-05-14,ZAR,1,PlayBet,1,PlayBetHomepage,171,ibetsza,172,DEFAULT,,,Unknown,ZA,6462914,2026-05-14,,,,0.00,0.00,0.00,0.00,0.00,50.00,0.00,0.00,0.00,,,,,,,0
2026-05-13,2026-05-14,ZAR,1,PlayBet,1,PlayBetHomepage,40,woohoo,N/A,N/A,,,Unknown,ZA,6462973,2026-05-14,,,,0.00,0.00,0.00,0.00,0.00,50.00,0.00,0.00,0.00,,,,bw,,,0
2026-05-13,2026-05-14,ZAR,1,PlayBet,1,PlayBetHomepage,171,ibetsza,172,DEFAULT,,,Unknown,ZA,6463036,2026-05-14,,2026-05-14,,0.00,6.13,0.00,0.00,0.00,50.00,0.00,0.00,0.00,,,,,,,0
2026-05-13,2026-05-14,ZAR,1,PlayBet,1,PlayBetHomepage,171,ibetsza,172,DEFAULT,,,Unknown,ZA,6463048,2026-05-14,,,,0.00,0.00,0.00,0.00,0.00,50.00,0.00,0.00,0.00,,,,,,,0
2026-05-13,2026-05-14,ZAR,1,PlayBet,1,PlayBetHomepage,62,newworld,179,BETS,,,Unknown,ZA,6463062,2026-05-14,,2026-05-14,,0.00,51.60,0.00,-0.19,-0.12,50.00,0.00,0.00,0.00,,,,,,,0
2026-05-13,2026-05-14,ZAR,1,PlayBet,1,PlayBetHomepage,171,ibetsza,172,DEFAULT,,,Unknown,ZA,6463088,2026-05-14,,2026-05-14,,0.00,42.00,0.00,-0.38,-0.25,50.00,0.00,0.00,0.00,,,,,,,0
2026-05-13,2026-05-14,ZAR,1,PlayBet,3,PlaybetSignUp,103,hotslots,N/A,N/A,,,Unknown,ZA,6463097,2026-05-14,,2026-05-14,,0.00,1.75,0.00,-0.07,-0.05,50.00,-0.02,0.00,-0.02,,,,3,,,0
2026-05-13,2026-05-14,ZAR,1,PlayBet,1,PlayBetHomepage,62,newworld,N/A,N/A,,,Unknown,ZA,6463125,2026-05-14,,,,0.00,0.00,0.00,0.00,0.00,50.00,0.00,0.00,0.00,,,,,,,0
2026-05-13,2026-05-14,ZAR,1,PlayBet,1,PlayBetHomepage,62,newworld,179,BETS,,,Unknown,ZA,6463135,2026-05-14,,,,0.00,0.00,0.00,0.00,0.00,50.00,0.00,0.00,0.00,,,,,,,0
2026-05-13,2026-05-14,ZAR,1,PlayBet,1,PlayBetHomepage,171,ibetsza,172,DEFAULT,,,Unknown,ZA,6463160,2026-05-14,,2026-05-14,,0.00,2.50,0.00,-0.31,-0.20,50.00,0.00,0.00,0.00,,,,,,,0
2026-05-13,2026-05-14,ZAR,1,PlayBet,3,PlaybetSignUp,103,hotslots,N/A,N/A,,,Unknown,ZA,6463185,2026-05-14,,2026-05-14,,0.00,9.30,0.00,-0.09,-0.06,50.00,-0.02,0.00,-0.02,,,,3,,,0
2026-05-13,2026-05-14,ZAR,1,PlayBet,1,PlayBetHomepage,62,newworld,N/A,N/A,,,Unknown,ZA,6463209,2026-05-14,,2026-05-14,,0.00,51.05,0.00,-0.04,-0.03,50.00,0.00,0.00,0.00,,,,,,,0
2026-05-13,2026-05-14,ZAR,1,PlayBet,1,PlayBetHomepage,171,ibetsza,172,DEFAULT,,,Unknown,ZA,6463225,2026-05-14,,2026-05-14,,0.00,4.40,0.00,-0.05,-0.03,50.00,0.00,0.00,0.00,,,,,,,0
2026-05-13,2026-05-14,ZAR,1,PlayBet,1,PlayBetHomepage,171,ibetsza,172,DEFAULT,,,Unknown,ZA,6463292,2026-05-14,,2026-05-14,,0.00,243.00,0.00,-0.56,-0.36,50.00,0.00,0.00,0.00,,,,,,,0
2026-05-13,2026-05-14,ZAR,1,PlayBet,1,PlayBetHomepage,62,newworld,179,BETS,,,Unknown,ZA,6463301,2026-05-14,,2026-05-14,,0.00,21.85,0.00,-0.08,-0.05,50.00,0.00,0.00,0.00,,,,,,,0
2026-05-13,2026-05-14,ZAR,1,PlayBet,1,PlayBetHomepage,62,newworld,179,BETS,,,Unknown,ZA,6463319,2026-05-14,,2026-05-14,,0.00,1130.85,0.00,0.00,0.00,50.00,0.00,0.00,0.00,,,,,,,0
2026-05-13,2026-05-14,ZAR,1,PlayBet,1,PlayBetHomepage,171,ibetsza,172,DEFAULT,,,Unknown,ZA,6463345,2026-05-14,,2026-05-14,,0.00,7.30,0.00,0.00,0.00,50.00,0.00,0.00,0.00,,,,,,,0
2026-05-13,2026-05-14,ZAR,1,PlayBet,3,PlaybetSignUp,103,hotslots,N/A,N/A,,,Unknown,ZA,6463366,2026-05-14,,,,0.00,0.00,0.00,0.00,0.00,50.00,0.00,0.00,0.00,,,,2,,,0
2026-05-13,2026-05-14,ZAR,1,PlayBet,1,PlayBetHomepage,89,clickbytesolutions1,88,DEFAULT,,,Unknown,ZA,6463370,2026-05-14,,,,0.00,0.00,0.00,0.00,0.00,50.00,0.00,0.00,0.00,,,,,,,0
2026-05-13,2026-05-14,ZAR,1,PlayBet,1,PlayBetHomepage,62,newworld,N/A,N/A,,,Unknown,ZA,6463388,2026-05-14,,,,0.00,0.00,0.00,0.00,0.00,50.00,0.00,0.00,0.00,,,,,,,0
2026-05-13,2026-05-14,ZAR,1,PlayBet,1,PlayBetHomepage,171,ibetsza,172,DEFAULT,,,Unknown,ZA,6463391,2026-05-14,,2026-05-14,,0.00,137.60,0.00,0.00,0.00,50.00,0.00,0.00,0.00,,,,,,,0
2026-05-13,2026-05-14,ZAR,1,PlayBet,1,PlayBetHomepage,62,newworld,N/A,N/A,,,Unknown,ZA,6463405,2026-05-14,,,,0.00,0.00,0.00,0.00,0.00,50.00,0.00,0.00,0.00,,,,,,,0
2026-05-13,2026-05-14,ZAR,1,PlayBet,3,PlaybetSignUp,110,woohoo_spinaslots,N/A,N/A,,,Unknown,ZA,6463431,2026-05-14,,,,0.00,0.00,0.00,0.00,0.00,50.00,0.00,0.00,0.00,,,,,,,0
2026-05-13,2026-05-14,ZAR,1,PlayBet,1,PlayBetHomepage,171,ibetsza,172,DEFAULT,,,Unknown,ZA,6463448,2026-05-14,,2026-05-14,,0.00,3.96,0.00,-0.07,-0.05,50.00,0.00,0.00,0.00,,,,,,,0
2026-05-13,2026-05-14,ZAR,1,PlayBet,3,PlaybetSignUp,103,hotslots,N/A,N/A,,,Unknown,ZA,6463453,2026-05-14,,2026-05-14,,0.00,36.80,0.00,-0.13,-0.08,50.00,-0.03,0.00,-0.03,,,,3,,,0
2026-05-13,2026-05-14,ZAR,1,PlayBet,1,PlayBetHomepage,62,newworld,N/A,N/A,,,Unknown,ZA,6463484,2026-05-14,,,,0.00,0.00,0.00,0.00,0.00,50.00,0.00,0.00,0.00,,,,,,,0
2026-05-13,2026-05-14,ZAR,1,PlayBet,1,PlayBetHomepage,62,newworld,N/A,N/A,,,Unknown,ZA,6463515,2026-05-14,,,,0.00,0.00,0.00,0.00,0.00,50.00,0.00,0.00,0.00,,,,,,,0
2026-05-13,2026-05-14,ZAR,1,PlayBet,1,PlayBetHomepage,62,newworld,179,BETS,,,Unknown,ZA,6463575,2026-05-14,,2026-05-14,,0.00,102.65,0.00,0.00,0.00,50.00,0.00,0.00,0.00,,,,,,,0
2026-05-13,2026-05-14,ZAR,1,PlayBet,1,PlayBetHomepage,62,newworld,179,BETS,,,Unknown,ZA,6463634,2026-05-14,,2026-05-14,,0.00,32.85,0.00,-2.26,-1.47,50.00,0.00,0.00,0.00,,,,,,,0
2026-05-13,2026-05-14,ZAR,1,PlayBet,1,PlayBetHomepage,171,ibetsza,172,DEFAULT,,,Unknown,ZA,6463635,2026-05-14,,2026-05-14,,0.00,4.40,0.00,-0.17,-0.11,50.00,0.00,0.00,0.00,,,,,,,0
2026-05-13,2026-05-14,ZAR,1,PlayBet,1,PlayBetHomepage,171,ibetsza,172,DEFAULT,,,Unknown,ZA,6463639,2026-05-14,,,,0.00,0.00,0.00,0.00,0.00,50.00,0.00,0.00,0.00,,,,,,,0
2026-05-13,2026-05-14,ZAR,1,PlayBet,1,PlayBetHomepage,62,newworld,N/A,N/A,,,Unknown,ZA,6463645,2026-05-14,,2026-05-14,,0.00,525.60,0.00,0.00,0.00,50.00,0.00,0.00,0.00,,,,,,,0
2026-05-13,2026-05-14,ZAR,1,PlayBet,1,PlayBetHomepage,62,newworld,N/A,N/A,,,Unknown,ZA,6463680,2026-05-14,,2026-05-14,,0.00,2.25,0.00,-0.08,-0.05,50.00,0.00,0.00,0.00,,,,,,,0
2026-05-13,2026-05-14,ZAR,1,PlayBet,1,PlayBetHomepage,62,newworld,N/A,N/A,,,Unknown,ZA,6463706,2026-05-14,,2026-05-14,,0.00,231.08,0.00,-0.58,-0.38,50.00,0.00,0.00,0.00,,,,,,,0
2026-05-13,2026-05-14,ZAR,1,PlayBet,1,PlayBetHomepage,62,newworld,N/A,N/A,,,Unknown,ZA,6463725,2026-05-14,,2026-05-14,,0.00,25.90,0.00,-0.04,-0.03,50.00,0.00,0.00,0.00,,,,,,,0
2026-05-13,2026-05-14,ZAR,1,PlayBet,1,PlayBetHomepage,171,ibetsza,172,DEFAULT,,,Unknown,ZA,6463798,2026-05-14,,2026-05-14,,0.00,28.80,0.00,-0.12,-0.08,50.00,0.00,0.00,0.00,,,,,,,0
2026-05-13,2026-05-14,ZAR,1,PlayBet,1,PlayBetHomepage,171,ibetsza,172,DEFAULT,,,Unknown,ZA,6463813,2026-05-14,,2026-05-14,,0.00,22.00,0.00,0.00,0.00,50.00,0.00,0.00,0.00,,,,,,,0
2026-05-13,2026-05-14,ZAR,1,PlayBet,1,PlayBetHomepage,171,ibetsza,172,DEFAULT,,,Unknown,ZA,6463814,2026-05-14,,2026-05-14,,0.00,17.40,0.00,-0.06,-0.04,50.00,0.00,0.00,0.00,,,,,,,0
2026-05-13,2026-05-14,ZAR,1,PlayBet,1,PlayBetHomepage,171,ibetsza,172,DEFAULT,,,Unknown,ZA,6463820,2026-05-14,,2026-05-14,,0.00,34.00,0.00,0.00,0.00,50.00,0.00,0.00,0.00,,,,,,,0
2026-05-13,2026-05-14,ZAR,1,PlayBet,1,PlayBetHomepage,171,ibetsza,172,DEFAULT,,,Unknown,ZA,6463843,2026-05-14,,2026-05-14,,0.00,4.95,0.00,-0.10,-0.06,50.00,0.00,0.00,0.00,,,,,,,0
2026-05-13,2026-05-14,ZAR,1,PlayBet,1,PlayBetHomepage,171,ibetsza,172,DEFAULT,,,Unknown,ZA,6463844,2026-05-14,,,,0.00,0.00,0.00,0.00,0.00,50.00,0.00,0.00,0.00,,,,,,,0
2026-05-13,2026-05-14,ZAR,1,PlayBet,1,PlayBetHomepage,171,ibetsza,172,DEFAULT,,,Unknown,ZA,6463852,2026-05-14,,2026-05-14,,0.00,12.53,0.00,-1.06,-0.69,50.00,0.00,0.00,0.00,,,,,,,0
2026-05-13,2026-05-14,ZAR,1,PlayBet,1,PlayBetHomepage,171,ibetsza,172,DEFAULT,,,Unknown,ZA,6463863,2026-05-14,,2026-05-14,,0.00,6.86,0.00,-0.09,-0.06,50.00,0.00,0.00,0.00,,,,,,,0
2026-05-13,2026-05-14,ZAR,1,PlayBet,1,PlayBetHomepage,171,ibetsza,172,DEFAULT,,,Unknown,ZA,6463878,2026-05-14,,,,0.00,0.00,0.00,-6.91,-4.49,50.00,0.00,0.00,0.00,,,,,,,0
2026-05-13,2026-05-14,ZAR,1,PlayBet,1,PlayBetHomepage,171,ibetsza,172,DEFAULT,,,Unknown,ZA,6463906,2026-05-14,,2026-05-14,,0.00,40.65,0.00,-0.05,-0.03,50.00,0.00,0.00,0.00,,,,,,,0
2026-05-13,2026-05-14,ZAR,1,PlayBet,1,PlayBetHomepage,62,newworld,179,BETS,,,Unknown,ZA,6463908,2026-05-14,,,,0.00,0.00,0.00,0.00,0.00,50.00,0.00,0.00,0.00,,,,,,,0
2026-05-13,2026-05-14,ZAR,1,PlayBet,1,PlayBetHomepage,89,clickbytesolutions1,88,DEFAULT,,,Unknown,ZA,6463963,2026-05-14,,2026-05-14,,0.00,36.30,0.00,0.00,0.00,50.00,0.00,0.00,0.00,,,,,,,0
2026-05-13,2026-05-14,ZAR,1,PlayBet,1,PlayBetHomepage,171,ibetsza,172,DEFAULT,,,Unknown,ZA,6464015,2026-05-14,,2026-05-14,,0.00,12.50,0.00,-0.24,-0.16,50.00,0.00,0.00,0.00,,,,,,,0
2026-05-13,2026-05-14,ZAR,1,PlayBet,3,PlaybetSignUp,103,hotslots,N/A,N/A,,,Unknown,ZA,6464046,2026-05-14,,2026-05-14,,0.00,20.80,0.00,0.00,0.00,50.00,0.00,0.00,0.00,,,,2,,,0
2026-05-13,2026-05-14,ZAR,1,PlayBet,1,PlayBetHomepage,62,newworld,N/A,N/A,,,Unknown,ZA,6464068,2026-05-14,,2026-05-14,,0.00,18.45,0.00,0.00,0.00,50.00,0.00,0.00,0.00,,,,,,,0
2026-05-13,2026-05-14,ZAR,1,PlayBet,1,PlayBetHomepage,171,ibetsza,172,DEFAULT,,,Unknown,ZA,6464070,2026-05-14,,2026-05-14,,0.00,6.00,0.00,-0.02,-0.01,50.00,0.00,0.00,0.00,,,,,,,0
2026-05-13,2026-05-14,ZAR,1,PlayBet,1,PlayBetHomepage,171,ibetsza,172,DEFAULT,,,Unknown,ZA,6464079,2026-05-14,,2026-05-14,,0.00,3.60,0.00,-0.26,-0.17,50.00,0.00,0.00,0.00,,,,,,,0
2026-05-13,2026-05-14,ZAR,1,PlayBet,3,PlaybetSignUp,103,hotslots,N/A,N/A,,,Unknown,ZA,6464080,2026-05-14,,2026-05-14,,0.00,12.40,0.00,-0.14,-0.09,50.00,-0.03,0.00,-0.03,,,,3,,,0
2026-05-13,2026-05-14,ZAR,1,PlayBet,1,PlayBetHomepage,171,ibetsza,172,DEFAULT,,,Unknown,ZA,6464082,2026-05-14,,2026-05-14,,0.00,59.67,0.00,-0.01,-0.01,50.00,0.00,0.00,0.00,,,,,,,0
2026-05-13,2026-05-14,ZAR,1,PlayBet,1,PlayBetHomepage,62,newworld,N/A,N/A,,,Unknown,ZA,6464092,2026-05-14,,,,0.00,0.00,0.00,0.00,0.00,50.00,0.00,0.00,0.00,,,,,,,0
2026-05-13,2026-05-14,ZAR,1,PlayBet,1,PlayBetHomepage,171,ibetsza,172,DEFAULT,,,Unknown,ZA,6464137,2026-05-14,,,,0.00,0.00,0.00,-7.96,-5.17,50.00,0.00,0.00,0.00,,,,,,,0
2026-05-13,2026-05-14,ZAR,1,PlayBet,1,PlayBetHomepage,171,ibetsza,172,DEFAULT,,,Unknown,ZA,6464168,2026-05-14,,2026-05-14,,0.00,4.40,0.00,-8.48,-5.51,50.00,0.00,0.00,0.00,,,,,,,0
2026-05-13,2026-05-14,ZAR,1,PlayBet,1,PlayBetHomepage,62,newworld,N/A,N/A,,,Unknown,ZA,6464178,2026-05-14,,2026-05-14,,0.00,28.20,0.00,-0.06,-0.04,50.00,0.00,0.00,0.00,,,,,,,0
2026-05-13,2026-05-14,ZAR,1,PlayBet,1,PlayBetHomepage,62,newworld,N/A,N/A,,,Unknown,ZA,6464183,2026-05-14,,2026-05-14,,0.00,25.00,0.00,-0.15,-0.10,50.00,0.00,0.00,0.00,,,,,,,0
2026-05-13,2026-05-14,ZAR,1,PlayBet,1,PlayBetHomepage,171,ibetsza,172,DEFAULT,,,Unknown,ZA,6464190,2026-05-14,,2026-05-14,,0.00,9.00,0.00,-0.98,-0.64,50.00,0.00,0.00,0.00,,,,,,,0
2026-05-13,2026-05-14,ZAR,1,PlayBet,3,PlaybetSignUp,110,woohoo_spinaslots,N/A,N/A,,,Unknown,ZA,6464199,2026-05-14,,2026-05-14,,0.00,3.80,0.00,-0.03,-0.02,50.00,0.00,0.00,0.00,,,,,,,0
2026-05-13,2026-05-14,ZAR,1,PlayBet,1,PlayBetHomepage,62,newworld,N/A,N/A,,,Unknown,ZA,6464209,2026-05-14,,2026-05-14,,0.00,2.60,0.00,-0.19,-0.12,50.00,0.00,0.00,0.00,,,,,,,0
2026-05-13,2026-05-14,ZAR,1,PlayBet,1,PlayBetHomepage,171,ibetsza,172,DEFAULT,,,Unknown,ZA,6464213,2026-05-14,,2026-05-14,,0.00,34.64,0.00,-0.03,-0.02,50.00,0.00,0.00,0.00,,,,,,,0
2026-05-13,2026-05-14,ZAR,1,PlayBet,1,PlayBetHomepage,171,ibetsza,172,DEFAULT,,,Unknown,ZA,6464234,2026-05-14,,2026-05-14,,0.00,9.40,0.00,-0.01,-0.01,50.00,0.00,0.00,0.00,,,,,,,0
2026-05-13,2026-05-14,ZAR,1,PlayBet,1,PlayBetHomepage,171,ibetsza,172,DEFAULT,,,Unknown,ZA,6464235,2026-05-14,,2026-05-14,,0.00,24.10,0.00,-0.08,-0.05,50.00,0.00,0.00,0.00,,,,,,,0
2026-05-13,2026-05-14,ZAR,1,PlayBet,1,PlayBetHomepage,62,newworld,179,BETS,,,Unknown,ZA,6464236,2026-05-14,,2026-05-14,,0.00,12.90,0.00,0.00,0.00,50.00,0.00,0.00,0.00,,,,,,,0
2026-05-13,2026-05-14,ZAR,1,PlayBet,1,PlayBetHomepage,171,ibetsza,172,DEFAULT,,,Unknown,ZA,6464240,2026-05-14,,2026-05-14,,0.00,20.00,0.00,0.00,0.00,50.00,0.00,0.00,0.00,,,,,,,0
2026-05-13,2026-05-14,ZAR,1,PlayBet,1,PlayBetHomepage,62,newworld,179,BETS,,,Unknown,ZA,6464326,2026-05-14,,2026-05-14,,0.00,199.75,0.00,-0.05,-0.03,50.00,0.00,0.00,0.00,,,,,,,0
2026-05-13,2026-05-14,ZAR,1,PlayBet,1,PlayBetHomepage,62,newworld,N/A,N/A,,,Unknown,ZA,6464361,2026-05-14,,2026-05-14,,0.00,39.60,0.00,0.00,0.00,50.00,0.00,0.00,0.00,,,,,,,0
2026-05-13,2026-05-14,ZAR,1,PlayBet,3,PlaybetSignUp,164,sprtrdr_programmatic,N/A,N/A,,,Unknown,ZA,6464381,2026-05-14,,,,0.00,0.00,0.00,0.00,0.00,50.00,0.00,0.00,0.00,,,,,,,0
2026-05-13,2026-05-14,ZAR,1,PlayBet,1,PlayBetHomepage,103,hotslots,N/A,N/A,,,Unknown,ZA,6464401,2026-05-14,,,,0.00,0.00,0.00,-4.60,-2.99,50.00,-1.14,0.00,-1.14,,,,,,,0
2026-05-13,2026-05-14,ZAR,1,PlayBet,1,PlayBetHomepage,171,ibetsza,172,DEFAULT,,,Unknown,ZA,6464433,2026-05-14,,2026-05-14,,0.00,16.01,0.00,-0.02,-0.01,50.00,0.00,0.00,0.00,,,,,,,0
2026-05-13,2026-05-14,ZAR,1,PlayBet,1,PlayBetHomepage,171,ibetsza,172,DEFAULT,,,Unknown,ZA,6464450,2026-05-14,,2026-05-14,,0.00,38.70,0.00,-0.06,-0.04,50.00,0.00,0.00,0.00,,,,,,,0
2026-05-13,2026-05-14,ZAR,1,PlayBet,1,PlayBetHomepage,171,ibetsza,172,DEFAULT,,,Unknown,ZA,6464484,2026-05-14,,,,0.00,0.00,0.00,0.00,0.00,50.00,0.00,0.00,0.00,,,,,,,0
2026-05-13,2026-05-14,ZAR,1,PlayBet,1,PlayBetHomepage,62,newworld,179,BETS,,,Unknown,ZA,6464495,2026-05-14,,2026-05-14,,0.00,745.90,0.00,-217.67,-141.49,50.00,0.00,0.00,0.00,,,,,,,0
2026-05-13,2026-05-14,ZAR,1,PlayBet,1,PlayBetHomepage,171,ibetsza,172,DEFAULT,,,Unknown,ZA,6464522,2026-05-14,,,,0.00,0.00,0.00,0.00,0.00,50.00,0.00,0.00,0.00,,,,,,,0
2026-05-13,2026-05-14,ZAR,1,PlayBet,1,PlayBetHomepage,171,ibetsza,172,DEFAULT,,,Unknown,ZA,6464531,2026-05-14,,2026-05-14,,0.00,71.40,0.00,-28.34,-18.42,50.00,0.00,0.00,0.00,,,,,,,0
2026-05-13,2026-05-14,ZAR,1,PlayBet,1,PlayBetHomepage,171,ibetsza,172,DEFAULT,,,Unknown,ZA,6464568,2026-05-14,,2026-05-14,,0.00,3.36,0.00,-0.09,-0.06,50.00,0.00,0.00,0.00,,,,,,,0
2026-05-13,2026-05-14,ZAR,1,PlayBet,1,PlayBetHomepage,171,ibetsza,172,DEFAULT,,,Unknown,ZA,6464646,2026-05-14,,2026-05-14,,0.00,28.30,0.00,0.00,0.00,50.00,0.00,0.00,0.00,,,,,,,0
2026-05-13,2026-05-14,ZAR,1,PlayBet,1,PlayBetHomepage,171,ibetsza,172,DEFAULT,,,Unknown,ZA,6464681,2026-05-14,,,,0.00,0.00,0.00,-4.40,-2.86,50.00,0.00,0.00,0.00,,,,,,,0
2026-05-13,2026-05-14,ZAR,1,PlayBet,3,PlaybetSignUp,103,hotslots,N/A,N/A,,,Unknown,ZA,6464705,2026-05-14,,2026-05-14,,0.00,3.50,0.00,-12.70,-8.25,50.00,-3.14,0.00,-3.14,,,,3,,,0
2026-05-13,2026-05-14,ZAR,1,PlayBet,1,PlayBetHomepage,171,ibetsza,172,DEFAULT,,,Unknown,ZA,6464707,2026-05-14,,2026-05-14,,0.00,10.30,0.00,-0.09,-0.06,50.00,0.00,0.00,0.00,,,,,,,0
2026-05-13,2026-05-14,ZAR,1,PlayBet,1,PlayBetHomepage,171,ibetsza,172,DEFAULT,,,Unknown,ZA,6464717,2026-05-14,,2026-05-14,,0.00,2.55,0.00,-7.45,-4.84,50.00,0.00,0.00,0.00,,,,,,,0
2026-05-13,2026-05-14,ZAR,1,PlayBet,1,PlayBetHomepage,62,newworld,N/A,N/A,,,Unknown,ZA,6464735,2026-05-14,,,,0.00,0.00,0.00,-4.70,-3.05,50.00,0.00,0.00,0.00,,,,,,,0
2026-05-13,2026-05-14,ZAR,1,PlayBet,1,PlayBetHomepage,171,ibetsza,172,DEFAULT,,,Unknown,ZA,6464747,2026-05-14,,,,0.00,0.00,0.00,0.00,0.00,50.00,0.00,0.00,0.00,,,,,,,0
